#IDXCOL=2,DATACOL=2,SEP=' '
timeStep pedestrianId x-PID9 y-PID9
1 1 27.54160164698729 116.5180359746458
1 2 52.70258491026245 115.64357659316394
1 3 101.6032809045054 115.22275879886476
1 4 144.89962008560337 115.02685021886829
2 1 27.443080787851137 116.1714227205335
2 2 52.327823463552306 115.11867568025741
2 3 101.92037096652399 114.9330737370087
2 4 144.8996200856034 114.38860102352761
3 1 27.3394217217165 115.82920451976342
3 2 51.830627360561735 114.67015110528227
3 3 102.25999428256901 114.66719020665812
3 4 144.92673735178968 113.7511115411572
4 1 27.204293081126025 115.51390435838564
4 2 51.309605365126494 114.2685067648264
4 3 102.62936420043376 114.43272755673443
4 4 144.943971072319 113.1133451629605
5 1 27.080905056765157 115.1894097645222
5 2 50.777265001727855 113.91410224426797
5 3 102.96230958979348 114.19570956804002
5 4 144.94397107231896 112.47509596761984
6 1 26.9876001411822 114.84135617620669
6 2 50.13095504111799 113.65024770431488
6 3 103.27778921506717 113.93119817782396
6 4 144.943971072319 111.83684677227916
7 1 26.8408834765233 114.51973798028634
7 2 49.72733374186623 113.08616272432438
7 3 103.56519731654183 113.60134449262493
7 4 144.94397107231896 111.19859757693851
8 1 26.620732390811234 114.23446511604747
8 2 49.24740326572256 112.66342052256583
8 3 103.80486095318248 113.23713363767183
8 4 144.943971072319 110.56034838159783
9 1 26.44831573807453 113.93233392691971
9 2 48.75673028556206 112.27410794607432
9 3 104.01876363547042 112.85600249741724
9 4 144.943971072319 109.92209918625717
10 1 26.313187097484047 113.61703376554193
10 2 48.28184193549498 111.86818953466135
10 3 104.1914469651373 112.45402322172284
10 4 144.94397107231896 109.28384999091651
11 1 26.150605327473762 113.30695848682545
11 2 47.72583663669687 111.57592403585294
11 3 104.45360786799834 112.1470743324948
11 4 144.9517881565648 108.64628114345003
12 1 25.97635805416438 112.99910338800142
12 2 47.149508796908115 111.192554913007
12 3 104.77787410877362 111.90534832805363
12 4 145.0620510042319 108.017628505042
13 1 25.835054536158747 112.68497842998383
13 2 46.533648061745865 110.86855239477622
13 3 105.03942247868821 111.55463573827723
13 4 145.08082249637218 107.38101305757604
14 1 25.69992589556826 112.36967826860605
14 2 45.91795258654067 110.54337789695411
14 3 105.34695621664652 111.25243196789569
14 4 145.1670433978569 106.75279166728558
15 1 25.564797254977783 112.05437810722827
15 2 45.36281256579724 110.14284594557905
15 3 105.71112819818677 111.00997446998383
15 4 145.2626244670664 106.12565889861197
16 1 25.423555857011515 111.73981515031365
16 2 44.99900348149004 109.61029542169803
16 3 106.02905144496373 110.72078037799012
16 4 145.2666164736865 105.48752720153907
17 1 25.238676054082777 111.43051502732582
17 2 44.56609544377735 109.07115654725605
17 3 106.36635097101538 110.48961457887222
17 4 145.30415562119123 104.85038291037918
18 1 25.066891998494082 111.1196355445182
18 2 44.06435398912302 108.66503276008125
18 3 106.76090163423731 110.40183213534411
18 4 145.30921573422893 104.21228265129366
19 1 24.931763357903606 110.80433538314043
19 2 43.49152000252028 108.35296223418328
19 3 107.10540453195009 110.20304785967281
19 4 145.37522762045407 103.57954161718888
20 1 24.796634717313125 110.48903522176265
20 2 42.85553236744441 108.06533112658302
20 3 107.39920126740637 109.93469311616488
20 4 145.44049966350744 102.946738849119
21 1 24.661506076722638 110.17373506038486
21 2 42.20639840352689 107.8085026228571
21 3 107.53321689493394 109.51822381116025
21 4 145.4404996635074 102.30848965377834
22 1 24.495685016487766 109.86392264118079
22 2 41.6511927735772 107.3930725237722
22 3 107.76831056612431 109.16851626928751
22 4 145.44049966350744 101.67024045843768
23 1 24.304130430238743 109.55871132406065
23 2 41.181813510252994 106.93501639629348
23 3 108.07253884482745 108.8683459331711
23 4 145.4404996635074 101.031991263097
24 1 24.151126833799523 109.23379259108891
24 2 40.81225865419354 106.42210357863038
24 3 108.45114212398953 108.72679897895324
24 4 145.44049966350744 100.39374206775635
25 1 24.015908640043115 108.89978189112783
25 2 40.540077698077134 105.81936999629112
25 3 108.83015673807392 108.58636290006233
25 4 145.44049966350744 99.75549287241567
26 1 23.907616838054714 108.55634783082056
26 2 40.102979733155884 105.34512061108107
26 3 109.20964426137827 108.44720398767453
26 4 145.4404996635074 99.11724367707501
27 1 23.805050220015147 108.21091014255366
27 2 39.80600214208363 104.7617056894239
27 3 109.60547201842856 108.36816757470548
27 4 145.44049966350744 98.47899448173435
28 1 23.671060709922866 107.89455566779696
28 2 39.50089128683305 104.18543958167574
28 3 109.96406806972118 108.20918074286004
28 4 145.4404996635074 97.84074528639367
29 1 23.53593206933239 107.57925550641919
29 2 39.08310213326129 103.69815920567001
29 3 110.24221772350346 107.87148318507582
29 4 145.53958989238046 97.2137060413678
30 1 23.400803428741902 107.2639553450414
30 2 38.47552587947911 103.35943615941736
30 3 110.52726552528559 107.54773508236536
30 4 145.61746587911452 96.58426685637762
31 1 23.26567478815142 106.94865518366362
31 2 38.15192101406182 102.76830843834166
31 3 110.83518422206625 107.27398625805981
31 4 145.6174658791145 95.94601766103696
32 1 23.13054614756094 106.63335502228583
32 2 37.60202273931566 102.38488379493896
32 3 111.23166957507424 107.19540287501508
32 4 145.61746587911452 95.30776846569628
33 1 22.99541750697046 106.31805486090805
33 2 37.117949897617166 101.9541686057425
33 3 111.53485151433566 106.94118664778651
33 4 145.648176649649 94.67028023409222
34 1 22.86028886637997 106.00275469953027
34 2 36.71546441369536 101.44799278897011
34 3 111.77966059199883 106.57864681075172
34 4 145.80238059974678 94.06137862042061
35 1 22.72516022578949 105.68745453815248
35 2 36.13293276554245 101.06329464452743
35 3 112.00140709731821 106.20150577902581
35 4 145.9042470432668 93.44350271378394
36 1 22.59003158519901 105.3721543767747
36 2 35.603267511123626 100.6281292432775
36 3 112.2027832290175 105.8138332511119
36 4 145.9537377812617 92.81515166604225
37 1 22.454902944608527 105.05685421539691
37 2 35.13369079492776 100.11972813718856
37 3 112.38229100776559 105.41485477073788
37 4 146.1533461667709 92.21679197029974
38 1 22.319774304018043 104.74155405401913
38 2 34.68211558527328 99.5874087097738
38 3 112.5458557960501 105.00911476304047
38 4 146.3750329373225 91.61827963866787
39 1 22.239732843291694 104.3949505221851
39 2 34.18577657964418 99.11575637161177
39 3 112.78003804226276 104.68786079244326
39 4 146.42693951166484 90.98933458206811
40 1 22.172851801806715 104.04086856288593
40 2 33.533083343580934 98.86811283134739
40 3 113.15159517450665 104.5287341739304
40 4 146.53159604711666 90.3720166938178
41 1 22.041304461553842 103.72353332235798
41 2 33.10997526309656 98.32125676503344
41 3 113.52565135192553 104.31798262564554
41 4 146.74612919397768 89.77712799430165
42 1 21.904992273188064 103.40773017018323
42 2 32.733281984424835 97.77692776386182
42 3 113.86038545788634 104.05663101912991
42 4 146.9880381343406 89.18879314762924
42 5 55.6496264281984 117.40791334293186
43 1 21.756396353919573 103.08670660889145
43 2 32.33236151607104 97.24496059015267
43 3 114.04106431461116 103.6581814976529
43 4 146.98803813434057 88.55054395228856
43 5 55.48903337032082 117.05573564405445
44 1 21.61087422714498 102.76698936523934
44 2 31.891535842343686 96.71526031216166
44 3 114.34038078742415 103.36172252757339
44 4 147.10177451239312 87.9251019348264
44 5 55.27137402341625 116.73763316032742
45 1 21.475745586554503 102.45168920386156
45 2 31.52691820764883 96.18326304639807
45 3 114.70402269889708 103.12003445750653
45 4 147.16420423533515 87.29388257972079
45 5 54.93169903123958 116.49238821535491
46 1 21.342232730015184 102.12883763738864
46 2 30.957101782026825 95.79825031049519
46 3 115.02424173413391 102.83381197067938
46 4 147.22783518418578 86.66835957415024
46 5 54.563730557196564 116.29677048951318
47 1 21.211487661337834 101.79305074868124
47 2 30.403059013480107 95.37646088713117
47 3 115.34190497166654 102.54478057007445
47 4 147.41175280090815 86.06689390215406
47 5 54.17966112876798 116.12939409484734
48 1 21.078511537784713 101.46769074786413
48 2 29.915841424766654 94.90826827580437
48 3 115.65700578729623 102.25293297545869
48 4 147.41175280090812 85.42864470681342
48 5 53.832224906607436 115.89583728042051
49 1 20.94338289719423 101.15239058648635
49 2 29.500440089477003 94.40675345912246
49 3 115.98871374636398 102.01939688643232
49 4 147.57864523924468 84.82377399914004
49 5 53.52153053341109 115.63639473878715
50 1 20.80825425660375 100.83709042510856
50 2 29.07217350036923 93.8554608761038
50 3 116.28119672534461 101.73658751315018
50 4 147.77697213195503 84.22032629527067
50 5 53.30342063704121 115.31663336693217
51 1 20.67312561601327 100.52179026373078
51 2 28.593027518444227 93.43742936778001
51 3 116.50216504146998 101.35899001090557
51 4 147.90450361408764 83.60231191941351
51 5 52.98559560007845 115.09020401939547
52 1 20.537996975422786 100.206490102353
52 2 28.14258811995756 92.98835207453848
52 3 116.68358358001932 100.96152188889405
52 4 147.92710897633705 82.96858379652274
52 5 52.59941735105635 114.92775235480867
53 1 20.402868334832302 99.89118994097521
53 2 27.772462590889788 92.461005345736
53 3 116.88784688257002 100.58473335524201
53 4 148.12656184988106 82.37022517589085
53 5 52.27484159196595 114.67628304867758
54 1 20.267739694241826 99.57588977959743
54 2 27.49146772211564 91.86188973135636
54 3 117.20754596177596 100.29793021500748
54 4 148.24758037182497 81.75567825184082
54 5 51.98273410168026 114.40028210462404
55 1 20.132611053651345 99.26058961821965
55 2 26.98480916601474 91.40041960867943
55 3 117.55015007376399 100.07198030752792
55 4 148.41385557515045 81.15047199135158
55 5 51.77910455173096 114.07111000949368
56 1 19.99748241306086 98.94528945684188
56 2 26.54102581083857 90.86643639671016
56 3 117.89558673651914 99.86383208045986
56 4 148.58238638635703 80.54100856148023
56 5 51.50501829543286 113.78932687012956
57 1 19.862970286703508 98.62579215276513
57 2 26.04095229716246 90.45991657543985
57 3 118.14185043889371 99.50222309367247
57 4 148.68465975155468 79.91247262548615
57 5 51.17311814025229 113.54642917459039
58 1 19.730766982753348 98.29057670855661
58 2 25.464742439297535 90.16133459677324
58 3 118.33105415395798 99.11257684256447
58 4 148.68465975155465 79.27422343014548
58 5 50.88972271111894 113.2407929102235
59 1 19.597536569210245 97.9623536828478
59 2 24.850542570229816 89.84083845242239
59 3 118.46683028409407 98.6966781614919
59 4 148.898964106638 78.67707120489074
59 5 50.61635928537003 112.93122554077337
60 1 19.462407928619758 97.64705352147001
60 2 24.497893834410895 89.30083291593621
60 3 118.6241685776754 98.28848402564654
60 4 149.0748865009986 78.0731739043904
60 5 50.35455579791685 112.64613223011453
61 1 19.327279288029278 97.33175336009224
61 2 24.091610054326274 88.81868385157973
61 3 118.76771391722976 97.8756992274124
61 4 149.21854284243588 77.46330412627646
61 5 50.14926413275538 112.32478987370689
62 1 19.1921506474388 97.01645319871446
62 2 23.550359238623873 88.46576436222517
62 3 118.88664345101411 97.45467353172806
62 4 149.35114599060054 76.85117963475557
62 5 49.99930711754348 111.9679535591118
63 1 19.057022006848317 96.70115303733668
63 2 22.963222799659682 88.13387110771608
63 3 119.22835347195168 97.22075093962675
63 4 149.44767146134961 76.23209343883248
63 5 49.669636398583414 111.74024810586492
64 1 18.921893366257834 96.38585287595889
64 2 22.563938387333703 87.56123881600449
64 3 119.62409793103414 97.0639421495792
64 4 149.45316436577718 75.59493473829625
64 5 49.31047150855417 111.52942009527138
65 1 18.786764725667354 96.07055271458111
65 2 22.05452376724243 87.08396194487108
65 3 120.02489164029792 97.01159345470333
65 4 149.63543720556913 75.04514074149559
65 5 49.004897108351756 111.25413607930234
66 1 18.651636085076877 95.75525255320333
66 2 21.727834246247568 86.5081520235128
66 3 120.2465026175915 96.7147248057392
66 4 150.0299641517326 74.6215618001296
66 5 48.694011455315525 110.97952644587468
66 6 142.27656916485742 118.9276838515434
67 1 18.51650744448639 95.43995239182556
67 2 21.46604884836243 85.89731942844749
67 3 120.38766301990046 96.30126945367059
67 4 150.47406505012353 74.23238482157461
67 5 48.37692197193173 110.70570452770123
67 6 142.27656916485745 118.49229991736263
68 1 18.381378803895906 95.12465223044777
68 2 21.13355742921682 85.3369718153752
68 3 120.59191788783718 95.9143756447814
68 4 150.5337484747735 73.59693228662407
68 5 48.01116809329799 110.50698858659874
68 6 142.27656916485745 118.05691598318184
68 7 173.08179123173255 116.74243289615816
69 1 18.24625016330543 94.80935206906999
69 2 20.547491656158545 84.95767945704593
69 3 120.89022601710448 95.6612066500383
69 4 150.76755607955744 73.00364300331661
69 5 47.6564748322483 110.31095892032234
69 6 142.27656916485742 117.62153204900106
69 7 173.08179123173258 116.16250534713275
70 1 18.097469357976806 94.49781790456505
70 2 19.912392352198687 84.66867795407605
70 3 121.27076797969798 95.52495762088166
70 4 150.8299559386564 72.37744294172758
70 5 47.52854286435602 109.94564717206302
70 6 142.27656916485742 117.18614811482027
70 7 173.08179123173258 115.58257779810734
71 1 17.891698596466806 94.20200461663018
71 2 19.46794876498731 84.20955594640166
71 3 121.6401188949754 95.29332527598284
71 4 150.8299559386564 71.73919374638692
71 5 47.33823179649199 109.60177435396739
71 6 142.27656916485745 116.7507641806395
71 7 173.08179123173255 115.00265024908192
72 1 17.709495209676998 93.89969018684712
72 2 19.089771629242797 83.68766673412448
72 3 122.0043166060266 95.07618495317617
72 4 150.82995593865638 71.10094455104625
72 5 47.06078989502537 109.2878473327421
72 6 142.27656916485742 116.3153802464587
72 7 173.08179123173258 114.42272270005651
73 1 17.57436656908652 93.58439002546935
73 2 18.669429149020097 83.18772102895178
73 3 122.36126829263488 94.88654983863209
73 4 150.8299559386564 70.46269535570558
73 5 46.85931755318944 108.95057846903026
73 6 142.27656916485742 115.87999631227792
73 7 172.93743660055074 113.87029610067047
74 1 17.424724004001238 93.26688157117658
74 2 18.15604991752515 82.71466971238345
74 3 122.71729933819124 94.69519394336531
74 4 150.82995593865638 69.82444616036493
74 5 46.6750822800389 108.61192188484725
74 6 142.27656916485745 115.44461237809713
74 7 172.7315219084681 113.32833730304068
75 1 17.25897364115434 92.94692231622781
75 2 17.87359730700087 82.11515518079977
75 3 123.02616000504476 94.4494047039426
75 4 150.8299559386564 69.18619696502425
75 5 46.31700423077556 108.39442638149016
75 6 142.27656916485742 115.00922844391636
75 7 172.54927102791643 112.77779159317022
76 1 17.11203521654012 92.62982529677788
76 2 17.422243891307374 81.62329502969995
76 3 123.19961308548969 94.04775697356585
76 4 150.8299559386564 68.54794776968359
76 5 45.95176661700939 108.19010263226268
76 6 142.27656916485742 114.57384450973558
76 7 172.51191163347556 112.20388699292323
77 1 16.976906575949645 92.3145251354001
77 2 16.935884610692206 81.13406159575567
77 3 123.52895395552643 93.88192646265388
77 4 150.82995593865638 67.90969857434293
77 5 45.5745045400417 108.0079007974014
77 6 142.27656916485745 114.13846057555479
77 7 172.48388603636428 111.62588131311172
78 1 16.895258283457718 91.96959127806974
78 2 16.523524415427527 80.57597680419994
78 3 123.9274370784571 93.81647391173
78 4 150.8299559386564 67.27144937900225
78 5 45.211904143218774 107.79901725941939
78 6 142.27656916485745 113.70307664137401
78 7 172.40472068097756 111.05138256757338
79 1 16.830993501335563 91.61502514123482
79 2 15.97161499763929 80.14850542738738
79 3 124.31591704334272 93.70485267663962
79 4 150.82995593865638 66.6332001836616
79 5 44.85631976646626 107.57760650238068
79 6 142.27716927542298 113.26780153486033
79 7 172.3978345332474 110.47192723954197
80 1 16.634759746037602 91.31682252165494
80 2 15.480225028888395 79.74370835235331
80 3 124.67951251702063 93.50535329749962
80 4 150.8299559386564 65.99495098832092
80 5 44.54644037764535 107.29565092480016
80 6 142.43005181561608 112.86014224201048
80 7 172.36535172482544 109.89393380401123
81 1 16.425763325970145 91.0243894764125
81 2 14.943301935564211 79.34149457044293
81 3 125.02279794702439 93.23413017167925
81 4 150.8299559386564 65.35670179298026
81 5 44.27374161450059 106.99681911537083
81 6 142.52492827885052 112.44196377753605
81 7 172.29224758176278 109.3191620106686
82 1 16.290634685379658 90.7090893150347
82 2 14.391264119864935 78.95645156135724
82 3 125.37725064344889 92.97768576827785
82 4 150.82995593865638 64.71845259763961
82 5 44.076809694249214 106.66359684629032
82 6 142.52492827885055 112.00657984335527
82 7 172.08522227339506 108.77744577146778
83 1 16.154337242248904 90.39224380607997
83 2 13.892322704295076 78.57908595083153
83 3 125.66728955385737 92.66625068376555
83 4 150.8299559386564 64.08020340229893
83 5 43.90641740452869 106.31675110055986
83 6 142.52492827885055 111.57119590917449
83 7 171.99163117420997 108.21329501714067
84 1 16.012558853393937 90.06815159299643
84 2 13.580582116726848 77.98161637201727
84 3 125.86534022233305 92.27614454032638
84 4 150.82995593865638 63.44195420695826
84 5 43.75045148172443 105.96249992872146
84 6 142.52492827885052 111.1358119749937
84 7 171.9790612310463 107.63352757733122
85 1 15.872882614627585 89.74683876516737
85 2 13.135765045800182 77.53612263400505
85 3 126.1790590075448 91.97791056335294
85 4 150.8299559386564 62.80370501161757
85 5 43.48353591962787 105.68329829515972
85 6 142.52492827885055 110.70042804081292
85 7 171.97906123104627 107.05360002830581
86 1 15.737753974037101 89.43153860378959
86 2 12.636306651766496 77.10293839704876
86 3 126.52332307181575 91.72821219680546
86 4 150.8299559386564 62.165455816276896
86 5 43.20669009555964 105.39992901365297
86 6 142.56028565153971 110.2719863627472
86 7 171.97906123104627 106.4736724792804
87 1 15.60262533344662 89.11623844241181
87 2 12.165488412700679 76.62965771165376
87 3 126.8916409684411 91.56172522954941
87 4 150.82995593865638 61.52720662093623
87 5 42.91459010328547 105.09959290550374
87 6 142.63017735816808 109.8503253409558
87 7 171.9790612310463 105.89374493025498
88 1 15.467496692856137 88.80093828103404
88 2 11.8017746227345 76.09342283841497
88 3 127.13536053062809 91.23522472050558
88 4 150.8299559386564 60.88895742559554
88 5 42.68800988129208 104.7748515622528
88 6 142.71440808796714 109.42415838617552
88 7 171.97906123104627 105.31381738122957
89 1 15.340954366032804 88.47118750371445
89 2 11.441239507359173 75.49563507171287
89 3 127.35126518299532 90.87302274075176
89 4 150.82995593865638 60.25070823025487
89 5 42.504417587440706 104.43409779270146
89 6 142.81338563696642 109.0021630085082
89 7 171.95188341670223 104.73466140822205
90 1 15.220211981999483 88.131675524089
90 2 10.940234282374252 75.01854448163576
90 3 127.71973565179538 90.7068737207038
90 4 150.8299559386564 59.612459034914195
90 5 42.10609265263825 104.3647951294148
90 6 142.9494431163979 108.59399057021372
90 7 171.93164998810394 104.15530828464779
91 1 15.064226292165607 87.80765824155498
91 2 10.425046871935326 74.74014665621156
91 3 128.08131449471415 90.5267309117583
91 4 150.82995593865638 58.97420983957352
91 5 41.69283996551956 104.302280307085
91 6 142.9994632954207 108.1686106718375
91 7 171.9316499881039 103.57538073562237
92 1 14.895676911484978 87.48916457775077
92 2 9.933602869817951 74.51112726029534
92 3 128.4376452706091 90.33593164186784
92 4 150.82995593865638 58.33596064423284
92 5 41.28939160265328 104.18934846106578
92 6 143.00019771774754 107.7333065716153
92 7 171.78892366550522 103.01438493227296
93 1 14.75645617112171 87.17347339778638
93 2 9.461450564580723 74.03124765741232
93 3 128.83604221578682 90.26785781706212
93 4 150.8299559386564 57.697711448892164
93 5 40.94992250556082 103.969921409541
93 6 143.09374743787447 107.30809177882594
93 7 171.71378926407132 102.44442348728195
94 1 14.62132753053123 86.8581732364086
94 2 9.311113605025195 73.40405876329667
94 3 129.22269074400307 90.16017620012285
94 4 150.82995593865638 57.05946225355149
94 5 40.66076228658215 103.66675387977405
94 6 143.20359213655087 106.88941002389767
94 7 171.7137892640713 101.86449593825654
95 1 14.486198889940752 86.54287307503083
95 2 9.274621275602746 72.72317575115692
95 3 129.59367550867802 89.9997197025301
95 4 150.8299559386564 56.42121305821081
95 5 40.278501556395106 103.50759099721245
95 6 143.33964961598235 106.48123758560318
95 7 171.71378926407132 101.28456838923113
96 1 14.351070249350272 86.22757291365303
96 2 9.274621275602746 72.02508135679655
96 3 129.9145528567216 89.72402185592331
96 4 150.82995593865638 55.78296386287013
96 5 39.879747244603145 103.38247891919198
96 6 143.3724623349234 106.05241619521061
96 7 171.71378926407132 100.70464084020571
97 1 14.215941608759794 85.91227275227526
97 2 9.274621275602746 71.32698696243618
97 3 130.24022126902943 89.4417615514243
97 4 150.82995593865638 55.144714667529456
97 5 39.4662759401381 103.31490922384886
97 6 143.3907379291534 105.62068737987583
97 7 171.6843755670555 100.13093549151247
98 1 14.080812968169313 85.59697259089748
98 2 9.274621275602746 70.62889256807581
98 3 130.59720354813453 89.18883760467833
98 4 150.8299559386564 54.50646547218878
98 5 39.07320757233849 103.1847193439344
98 6 143.52679540858492 105.21251494158135
98 7 171.52100669754535 99.58556714235871
99 1 13.945684327578835 85.2816724295197
99 2 9.480669669334354 69.96266183164387
99 3 130.8389461047234 88.8365764736991
99 4 150.82995593865638 53.86821627684811
99 5 38.69929314529652 102.99574266655154
99 6 143.64670886319976 104.7969443533542
99 7 171.47837508813237 99.01465792292677
100 1 13.810555686988355 84.96637226814191
100 2 9.69676242908941 69.30508032278958
100 3 131.04773353249925 88.45338631279095
100 4 150.8299559386564 53.229967081507425
100 5 38.45451518403583 102.66650659354198
100 6 143.7510997972083 104.374260425295
100 7 171.47837508813237 98.43473037390136
101 1 13.675427046397875 84.65107210676413
101 2 9.914916927327026 68.65061682807674
101 3 131.3184356889626 88.1096899163613
101 4 150.8494918172454 52.59213980854674
101 5 38.215546334736516 102.32852170590898
101 6 143.76307302760017 103.9403331319683
101 7 171.47837508813234 97.85480282487595
102 1 13.540298405807397 84.33577194538636
102 2 10.13307142556464 67.99615333336388
102 3 131.50487863817486 87.72208701440685
102 4 150.86415683404095 51.9542073380854
102 5 37.86699454667424 102.09606561460704
102 6 143.79855608191195 103.51204580864987
102 7 171.47837508813237 97.27487527585053
102 8 20.76323578075923 118.0288768602214
103 1 13.405169765216916 84.02047178400858
103 2 10.351225923802254 67.34168983865104
103 3 131.6319308866278 87.30345674894977
103 4 150.86415683404098 51.31595814274472
103 5 37.52698825898636 101.85774686635156
103 6 143.93461356134344 103.10387337035539
103 7 171.47837508813237 96.69494772682512
103 8 20.76323578075923 117.44705557937671
104 1 13.270041124626438 83.70517162263079
104 2 10.569380422039869 66.68722634393819
104 3 131.78624605612745 86.8940746549411
104 4 150.86415683404095 50.67770894740405
104 5 37.19655024761592 101.61286378374139
104 6 144.0706710407749 102.69570093206089
104 7 171.47837508813234 96.1150201777997
104 8 20.76323578075923 116.86523429853203
105 1 13.134912484035958 83.38987146125301
105 2 10.787534920277484 66.03276284922534
105 3 131.96365515268906 86.49515482309553
105 4 150.86415683404098 50.03945975206337
105 5 36.887519758821824 101.33313790030601
105 6 144.20553063585842 102.28722402052777
105 7 171.47837508813237 95.5350926287743
105 8 20.726794043257943 116.28912702383931
106 1 12.99978384344548 83.07457129987523
106 2 11.005689418515098 65.37829935451249
106 3 132.16965735541265 86.10918855137523
106 4 150.86415683404095 49.401210556722695
106 5 36.58225647968313 101.04762637953219
106 6 144.239864859339 101.85319599004966
106 7 171.47837508813237 94.95516507974888
106 8 20.548714956658863 115.73522825893748
107 1 12.864655202855 82.75927113849744
107 2 11.223843916752713 64.72383585979965
107 3 132.43719228180117 85.76412030326179
107 4 150.86415683404095 48.76296136138202
107 5 36.26140495461478 100.79031080991298
107 6 144.31359309999695 101.42918096626397
107 7 171.45219731262705 94.38201154328051
107 8 20.346152431641464 115.19917262963284
107 9 87.95267250430052 114.86786363132444
108 1 12.72952656226452 82.44397097711966
108 2 11.441998414990328 64.0693723650868
108 3 132.72286903829158 85.43332485618605
108 4 150.86415683404098 48.12471216604134
108 5 35.967175245558124 100.51987460870453
108 6 144.44965057942844 101.02100852796949
108 7 171.170898330222 93.87487562006415
108 8 20.223033982519983 114.64690772775602
108 9 87.95267250430052 114.26952847510854
109 1 12.594397921674041 82.12867081574188
109 2 11.660152913227943 63.41490887037396
109 3 133.02997958834914 85.12173220467453
109 4 150.86415683404095 47.48646297070067
109 5 35.70856077099603 100.23188534610603
109 6 144.48192923129534 100.59208032416208
109 7 171.07302388301045 93.32027500282062
109 8 20.220850615725446 114.06558019460752
109 9 87.71548146756442 113.73815608896601
110 1 12.45926928108356 81.8133706543641
110 2 11.878307411465558 62.76044537566111
110 3 133.40328170464088 84.98287596147854
110 4 150.86415683404098 46.84821377535999
110 5 35.49627702507004 99.90996241570636
110 6 144.5007388925995 100.16045832224214
110 7 171.07302388301042 92.74034745379522
110 8 20.03254575372816 113.52634227264981
110 9 87.53313767084076 113.18412117389452
111 1 12.324140640493082 81.49807049298632
111 2 12.096461909703173 62.105981880948256
111 3 133.79717482904763 84.88132472683769
111 4 150.86415683404095 46.20996458001932
111 5 35.302383703686374 99.57515308203979
111 6 144.636796372031 99.75228588394765
111 7 171.07302388301045 92.16041990476981
111 8 19.959843849082688 112.96096183812449
111 9 87.48964013645502 112.58796967546975
112 1 12.189011999902602 81.18277033160854
112 2 12.327858242983922 61.45620478339995
112 3 134.1780381630271 84.6660342457135
112 4 150.86415683404095 45.57171538467864
112 5 35.14656115510682 99.22083882156015
112 6 144.7728538514625 99.34411344565316
112 7 170.8854846478647 91.6217786517681
112 8 19.959843849082688 112.3791405572798
112 9 87.48964013645502 111.98963451925385
113 1 12.110840038471144 80.84848461051108
113 2 12.659437742761082 60.84188335388206
113 3 134.55026605408423 84.47775076006073
113 4 150.86415683404098 44.933466189337956
113 5 34.92255150490214 98.91013283951193
113 6 144.90891133089397 98.93594100735868
113 7 170.71638473452126 91.07790757805974
113 8 19.959843849082688 111.7973192764351
113 9 87.48964013645502 111.39129936303796
114 1 12.110840038471144 80.48814156893647
114 2 12.893845101414271 60.19317188362195
114 3 134.91592994286543 84.30433404528686
114 4 150.86415683404095 44.295216993997286
114 5 34.58903313342629 98.6694619035948
114 6 144.9239825226791 98.50357131153493
114 7 170.6990511201245 90.49823913150553
114 8 19.959843849082688 111.21549799559043
114 9 87.376699519809 110.80665153304528
115 1 12.034916929247409 80.15310623043644
115 2 13.111999599651886 59.53870838890911
115 3 135.25654174588783 84.0427099979683
115 4 150.86415683404098 43.6569677986566
115 5 34.301721990312906 98.40149489788114
115 6 144.95999964406502 98.07539080163133
115 7 170.5164525277634 89.96114650544642
115 8 19.91098892214269 110.63859978674566
115 9 87.27209702870603 110.21859354631032
116 1 11.89978828865693 79.83780606905866
116 2 13.335044827243266 58.88299543272204
116 3 135.5242130034762 83.71818636531894
116 4 150.86415683404095 43.01871860331593
116 5 34.031283807473194 98.12498336003613
116 6 145.0960571234965 97.66721836333684
116 7 170.40397193180033 89.40787054769031
116 8 19.79418219145971 110.06864471871262
116 9 87.1295008471701 109.64809166431985
117 1 11.76465964806645 79.52250590768088
117 2 13.566614809104426 58.22510461076755
117 3 135.70758749807078 83.32097022117972
117 4 150.86415683404095 42.380469407975255
117 5 33.63501940992203 97.98897339504018
117 6 145.14500916837102 97.24162483813096
117 7 170.4039719318003 88.8279429986649
117 8 19.646788945318516 109.50580261488979
117 9 86.83063893309928 109.12977334183392
118 1 11.629531007475972 79.20720574630309
118 2 13.78476930734204 57.57064111605471
118 3 136.07858744658287 83.19480146756655
118 4 150.86415683404098 41.74222021263458
118 5 33.24307300574854 97.84190750569061
118 6 145.14714543666759 96.8066681576095
118 7 170.40397193180033 88.24801544963948
118 8 19.591591452822914 108.93108887125365
118 9 86.55083267486978 108.60089394440999
119 1 11.552896527149658 78.85904364196695
119 2 14.002923805579655 56.916177621341866
119 3 136.4861145123364 83.13121061913112
119 4 150.8672808706886 41.10405429111413
119 5 32.8595194298593 97.67335235813539
119 6 145.28320291609907 96.398495719315
119 7 170.3046941392637 87.6834878110297
119 8 19.52522897259591 108.36707570289572
119 9 86.5011299991926 108.01489638591258
120 1 11.48719100423921 78.50474166360624
120 2 14.22107830381727 56.261714126629016
120 3 136.9236152214017 83.13121061913112
120 4 150.9012828476669 40.466711447022675
120 5 32.588020801720205 97.40314514960106
120 6 145.41926039553056 95.99032328102051
120 7 170.1508050664946 87.12743144078492
120 8 19.233945265259383 107.86341926772982
120 9 86.5011299991926 107.41656122969668
121 1 11.353247208339125 78.18877585802647
121 2 14.45512433494662 55.61064098060551
121 3 137.25004677822616 82.88377197404544
121 4 150.9063579840072 39.82859753370295
121 5 32.374667732935215 97.08019046258585
121 6 145.55531787496204 95.58215084272602
121 7 170.15080506649457 86.5475038917595
121 8 18.965870596274105 107.34717384653403
121 9 86.43519935573173 106.82925927747954
122 1 11.218118567748643 77.87347569664868
122 2 14.727644703168588 54.96795141903922
122 3 137.5603456811572 82.60194689995872
122 4 150.9063579840072 39.19034833836227
122 5 32.07155743409334 96.79237198749044
122 6 145.67932467086803 95.16611969515897
122 7 169.9585991532469 86.0173298054486
122 8 18.72892014905843 106.816812846016
122 9 86.25919364714953 106.26037790460015
123 1 11.082989927158163 77.5581755352709
123 2 15.02042336133782 54.33421926681875
123 3 137.95505644567376 82.51488717554255
123 4 150.91772128997113 38.55237383635525
123 5 31.744538332007753 96.53740576757484
123 6 145.7825551370225 94.74528554804832
123 7 169.69672874624735 85.50403246307211
123 8 18.533621084249948 106.27004466733703
123 9 86.25919364714953 105.66204274838425
124 1 10.933419469822686 77.24526400013104
124 2 15.37602494361516 53.734711610177094
124 3 138.34472432724354 82.35490285719202
124 4 150.94463429668704 37.91477522840146
124 5 31.365596749882368 96.35872319796856
124 6 145.78255513702254 94.30990161386752
124 7 169.49593913369387 84.97130405640095
124 8 18.533621084249948 105.68822338649235
124 9 86.1361266733124 105.07873943304843
125 1 10.74351428513261 76.93902368854702
125 2 15.724624478050504 53.13053707397851
125 3 138.73018616852843 82.15153339476707
125 4 150.944634296687 37.276526033060776
125 5 31.077539403511583 96.07508993635572
125 6 145.83130090352452 93.87985218059107
125 7 169.4559994976264 84.40076502376516
125 8 18.533621084249948 105.10640210564767
125 9 86.0803304147363 104.48721943165813
126 1 10.555757940745933 76.63147640582909
126 2 16.063961355809806 52.521114729758196
126 3 139.09470374748463 81.9768825491564
126 4 150.94463429668704 36.638276837720106
126 5 30.84653320405735 95.72557553156172
126 6 145.9254658031542 93.45477319755327
126 7 169.37362951513282 83.84193607536791
126 8 18.533621084249948 104.52458082480298
126 9 85.99717396902479 103.91660309067942
127 1 10.371171562648422 76.32200108107429
127 2 16.444607746387106 51.9359274872641
127 3 139.47175526089433 81.83619088088385
127 4 150.944634296687 36.00002764237943
127 5 30.684474357952876 95.36013261998875
127 6 145.9511772446111 93.02080536194153
127 7 169.14488079792247 83.32060120394807
127 8 18.533621084249948 103.9427595439583
127 9 85.77279828544384 103.39305982899052
128 1 10.28706778957038 75.98483508515443
128 2 16.863352336411786 51.40596170442371
128 3 139.86233235331875 81.7321451307837
128 4 150.944634296687 35.36177844703875
128 5 30.51718096200347 95.00203912694319
128 6 146.00054363738963 92.59298965168317
128 7 169.12637310723377 82.74541429420131
128 8 18.533621084249948 103.36093826311361
128 9 85.54842260186288 102.86951656730162
129 1 10.28706778957038 75.62449204357982
129 2 17.312298222452114 50.87944379443861
129 3 140.0731248508448 81.36511352733878
129 4 150.9619333488047 34.72497963880912
129 5 30.31960350042979 94.66919921271538
129 6 146.1366011168211 92.18481721338868
129 7 169.12637310723377 82.1654867451759
129 8 18.44389583038516 102.80024715588195
129 9 85.32404691828192 102.34597330561272
130 1 10.184027326257462 75.28669466837718
130 2 17.78879267272355 50.369829672586384
130 3 140.33332753820403 81.06853940305912
130 4 151.06821045278812 34.09564092831855
130 5 30.154492385992324 94.3205237637231
130 6 146.23421735140536 91.7634659824093
130 7 169.1173131716085 81.58755997216417
130 8 18.251210682854072 102.2638029616947
130 9 85.24433410627097 101.7742090867338
131 1 10.033542798614834 74.95927824461164
131 2 18.327661106510163 49.98396001929075
131 3 140.72140882745745 80.95553986247583
131 4 151.07653886229633 33.458090003479874
131 5 30.013840314639467 93.9599183607558
131 6 146.31176733400176 91.33523544832823
131 7 168.87308423368705 81.06156739807173
131 8 18.251210682854072 101.68198168085
131 9 85.14716276053976 101.19633249602542
132 1 9.91633104515863 74.77281127908294
132 2 19.025755500870527 49.98396001929075
132 3 141.05293214742287 80.69501027351981
132 4 151.07653886229636 32.8198408081392
132 5 29.907955754901707 93.58784262541737
132 6 146.44782481343324 90.92706301003375
132 7 168.6358481526698 80.53934149432565
132 8 18.251210682854072 101.10016040000531
132 9 84.89128840005567 100.6568122089474
133 1 9.80617309758522 74.61622550446779
133 2 19.723849895230895 49.98396001929075
133 3 141.37835188818724 80.41839127366116
133 4 151.07653886229636 32.18159161279852
133 5 29.785017253851642 93.22366324007714
133 6 146.53012364432294 90.50813884203089
133 7 168.43941081106118 80.01032238966177
133 8 18.24187573906233 100.51863775665771
133 9 84.55912184209417 100.15914732477744
134 1 9.589660843940809 74.36985796078848
134 2 20.421944289591263 49.98396001929075
134 3 141.7441359442251 80.24640869434242
134 4 151.07653886229633 31.54334241745785
134 5 29.58043945471911 92.89507963438881
134 6 146.5301236443229 90.07275490785011
134 7 168.4394108110612 79.43039484063635
134 8 18.20468729762632 99.93800618443028
134 9 84.53216904344565 99.56898079814604
135 1 9.39265125341857 74.1085580653491
135 2 21.12003868395163 49.98396001929075
135 3 142.08749314145493 80.00937515957175
135 4 151.07653886229636 30.905093222117173
135 5 29.365985303611957 92.57305135309952
135 6 146.6349706060358 89.6583403660119
135 7 168.4394108110612 78.85046729161094
135 8 18.199233103730233 99.35635939063663
135 9 84.38366882390599 98.99885210629098
136 1 9.39265125341857 73.74821502377449
136 2 21.818133078311998 49.98396001929075
136 3 142.4099803606644 79.72779624666639
136 4 151.07653886229633 30.266844026776496
136 5 29.142642309058687 92.25692294784456
136 6 146.76177018722004 89.24708516205364
136 7 168.43941081106118 78.27053974258553
136 8 18.099816875822842 98.80767685242775
136 9 84.16211413094906 98.45659305176859
137 1 9.39265125341857 73.38787198219988
137 2 22.516227472672366 49.98396001929075
137 3 142.62064110102682 79.34435273987222
137 4 151.09972991116192 29.62918370381212
137 5 28.84135775286431 91.97507791226168
137 6 146.83446016177052 88.81781212802683
137 7 168.4394108110612 77.69061219356011
137 8 17.89016542661614 98.29461915024612
137 9 83.96725139463675 97.91944250930624
138 1 9.39265125341857 73.02752894062526
138 2 23.21432186703273 49.98396001929075
138 3 142.89552998576383 79.02094040581655
138 4 151.11674212054749 28.9913664863533
138 5 28.527732779664788 91.69737249624255
138 6 146.94020194099485 88.39954493634708
138 7 168.22717511249635 77.16972000442215
138 8 17.819143133392775 97.71714894607187
138 9 83.89580831256943 97.32538792832177
139 1 9.373430985651911 72.66851846131807
139 2 23.912416261393098 49.98396001929075
139 3 143.23514771832845 78.7580272296135
139 4 151.1167421205475 28.353117291012627
139 5 28.224123616234824 91.40867601336451
139 6 147.07625942042634 87.9913724980526
139 7 167.98681696437237 76.66134319433692
139 8 17.650951635558922 97.18482733665894
139 9 83.67892312596206 96.79839108761465
140 1 9.32370405568435 72.31162304239646
140 2 24.610510655753465 49.98396001929075
140 3 143.6657056671558 78.73937901098526
140 4 151.11674212054749 27.71486809567195
140 5 27.93719235367637 91.12500068377172
140 6 147.15354951634026 87.56395066676993
140 7 167.76934413348786 76.15390658893969
140 8 17.432768655242167 96.67573371591983
140 9 83.46455473491238 96.2488744756825
141 1 9.30017698223267 71.95291115865612
141 2 25.308605050113833 49.98396001929075
141 3 144.00645502157283 78.59404172663181
141 4 151.1167421205475 27.076618900331272
141 5 27.66816363032044 90.84671520474964
141 6 147.20486809071107 87.13275211376646
141 7 167.5518713026033 75.64646998354246
141 8 17.214585674925413 96.16664009518075
141 9 83.22844724104428 95.69991857902124
142 1 9.30017698223267 71.59256811708151
142 2 26.0066994444742 49.98396001929075
142 3 144.17526389992148 78.19042008075128
142 4 151.1855735722918 26.44606775834181
142 5 27.46473542782178 90.51993937709089
142 6 147.2048680907111 86.69736817958568
142 7 167.44511692420377 75.10212722731688
142 8 17.061663924274878 95.61001941906441
142 9 83.00571539280715 95.15083068795013
143 1 9.30017698223267 71.23222507550689
143 2 26.70479383883457 49.98396001929075
143 3 144.50961406872497 77.99299143701845
143 4 151.230436913868 25.812836042484935
143 5 27.260294113528133 90.19258565323688
143 6 147.2930416594164 86.27961895914595
143 7 167.44138721533116 74.52237614669046
143 8 16.88367825988151 95.07165175507363
143 9 82.93049580242638 94.55724247008622
144 1 9.30017698223267 70.87188203393228
144 2 27.402888233194933 49.98396001929075
144 3 144.88724349468234 77.84888425542307
144 4 151.28411278976063 25.18532202232278
144 5 26.92840483637857 89.94967309444208
144 6 147.42824101483546 85.87107767956812
144 7 167.38663211164055 73.94503929463747
144 8 16.665495279564755 94.56255813433454
144 9 82.67318515286263 94.01763218615854
145 1 9.434866923306219 70.54458497808179
145 2 28.1009826275553 49.98396001929075
145 3 145.26334833502216 77.70082638729853
145 4 151.477985479441 24.58584736491818
145 5 26.5758355291561 89.73503449198422
145 6 147.52786293656885 85.44724440709783
145 7 167.2298337237729 73.41153817490783
145 8 16.447312299248 94.05346451359544
145 9 82.43948080817601 93.49017008419199
146 1 9.601646763297168 70.22516113334908
146 2 28.799077021915668 49.98396001929075
146 3 145.60523066617372 77.45724537630569
146 4 151.47798547944097 23.947598169577503
146 5 26.196761043016913 89.55663405111285
146 6 147.58773147841907 85.01880192979702
146 7 167.00222017177347 72.90321386895776
146 8 16.181478719326243 93.54718108207949
146 9 82.29056013671348 92.93153242477432
147 1 9.610327722721284 69.86694795283844
147 2 29.497171416276036 49.98396001929075
147 3 145.91360797849072 77.15286268505133
147 4 151.80628853631185 23.659719298094092
147 5 25.807866834861194 89.40145223296201
147 6 147.58773147841904 84.58341799561623
147 7 166.73026267831884 72.39100777384323
147 8 15.971649491976603 93.02118067229893
147 9 82.17842909019495 92.35578377837476
148 1 9.610327722721284 69.50660491126382
148 2 30.195265810636403 49.98396001929075
148 3 146.05511191865077 76.73887777548116
148 4 152.27882979520678 23.37614237003272
148 5 25.42934282435716 89.24047003529274
148 6 147.69311250720608 84.16911026719286
148 7 166.49890295409426 71.88235553469025
148 8 15.971649491976603 92.43935939145425
148 9 81.954053406614 91.83224051668586
149 1 9.610327722721284 69.14626186968921
149 2 30.89336020499677 49.98396001929075
149 3 146.30402692738434 76.40293625490446
149 4 152.73666128510064 23.02927639391768
149 5 25.216191771412497 88.91738198157728
149 6 147.8291699866376 83.76093782889836
149 7 166.28143012320973 71.37491892929302
149 8 15.780406433524753 91.92128579676017
149 9 81.72967772303305 91.30869725499694
150 1 9.610327722721284 68.7859188281146
150 2 31.591454599357135 49.98396001929075
150 3 146.65403782123502 76.14044959882744
150 4 153.020365072755 22.694971449097643
150 5 24.93064726836294 88.66863723569364
150 6 147.96522746606905 83.35276539060388
150 7 166.06395729232523 70.86748232389579
150 8 15.562223453207999 91.41219217602108
150 9 81.48571223313141 90.77887438814894
151 1 9.610327722721284 68.42557578654
151 2 32.2895489937175 49.98396001929075
151 3 146.88513461777578 75.77093033205551
151 4 152.78102162450224 22.136503403174554
151 5 24.533874980884974 88.53411610265391
151 6 148.02978476980286 82.93029291716987
151 7 165.8464844614407 70.36004571849855
151 8 15.33768003297057 90.90378997856698
151 9 81.36870754058396 90.21177991562217
152 1 9.637676042063937 68.06807541794137
152 2 32.98764338807787 49.98396001929075
152 3 147.18986557951274 75.53698827799455
152 4 152.73848714121712 21.512432368928923
152 5 24.2488498942724 88.2506941596329
152 6 148.02978476980283 82.49490898298907
152 7 165.62901163055616 69.85260911310132
152 8 15.041131726190224 90.40321520434293
152 9 81.3206353135823 89.62024973798829
153 1 9.711785793621035 67.71543558420817
153 2 33.68573778243824 49.98396001929075
153 3 147.62736628857803 75.53698827799455
153 4 152.64455144486067 20.91554373200633
153 5 24.008701029785 87.9086642818662
153 6 148.15237325867162 82.08404274658204
153 7 165.41153879967166 69.34517250770409
153 8 14.809816080891286 89.87938786003477
153 9 81.15179541188692 89.04785950668374
154 1 9.749360533926177 67.3588758909443
154 2 34.383832176798606 49.98396001929075
154 3 147.95397555691375 75.27984831422839
154 4 152.53636801602292 20.32427142926898
154 5 23.76476203858977 87.60814301739443
154 6 148.2884307381031 81.67587030828756
154 7 165.40743548475388 68.76661273031793
154 8 14.666186007814483 89.33129515811028
154 9 80.92741972830596 88.52431624499484
155 1 9.751746222396333 66.99854074680518
155 2 35.081926571158974 49.98396001929075
155 3 148.2671413109905 74.98050050696835
155 4 152.47854631969085 19.71621687025999
155 5 23.499302468155726 87.31242139129816
155 6 148.4244882175346 81.26769786999307
155 7 165.3663865399153 68.18938649725165
155 8 14.666186007814485 88.74947387726559
155 9 80.70304404472502 88.00077298330594
156 1 9.82816876017544 66.65073745200895
156 2 35.78002096551934 49.98396001929075
156 3 148.62126315639793 74.74102591369183
156 4 151.93405241539386 19.38321773582201
156 5 23.193917347989963 87.02560418169223
156 6 148.50580418924122 80.84382335910132
156 7 165.27636352202651 67.62115082724627
156 8 14.585011622943743 88.17406839751582
156 9 80.50204249817074 87.45121926639081
157 1 9.94450265774447 66.30968975462977
157 2 36.47811535987971 49.98396001929075
157 3 149.02888557208658 74.69933413271552
157 4 151.30914137964172 19.335843389813952
157 5 22.92619920078741 86.73245722641934
157 6 148.55970185254697 80.41192660488237
157 7 165.05889069114195 67.11371422184902
157 8 14.425120162579898 87.62114754962515
157 9 80.30580102106785 86.89636860211898
158 1 9.968921194490184 65.95339681436788
158 2 37.17620975424008 49.98396001929075
158 3 149.45907781500563 74.74156202190849
158 4 150.67512178351552 19.31289465107071
158 5 22.677126305553845 86.43617703017762
158 6 148.6773543263539 79.99274041051305
158 7 164.84141786025745 66.60627761645176
158 8 14.195260994582425 87.09272448959884
158 9 80.0814253374869 86.37282534043007
159 1 9.968921194490184 65.59305377279325
159 2 37.87430414860044 49.98396001929075
159 3 149.85591036274175 74.66475113532417
159 4 150.041156691814 19.289650185064204
159 5 22.38799798444719 86.13354130642114
159 6 148.74759664203268 79.56702704862288
159 7 164.62871830538117 66.09292194529449
159 8 13.977078014265668 86.58363086885973
159 9 79.85704965390595 85.84928207874117
160 1 10.141801441857744 65.28071823891223
160 2 38.57239854296081 49.98396001929075
160 3 150.23468225898458 74.49876608427742
160 4 149.40290749647332 19.289650185064204
160 5 22.104634695033337 85.82520886992648
160 6 148.7475966420327 79.1316431144421
160 7 164.43322787845693 65.55822622176123
160 8 13.7762280824354 86.05480169646944
160 9 79.82063688160102 85.26308451329359
161 1 10.314444960536026 64.96831696730496
161 2 39.27049293732119 49.98396001929075
161 3 150.5975808204732 74.25440670855771
161 4 148.7646583011326 19.289650185064204
161 5 21.83547669846209 85.50415099940071
161 6 148.85351173789388 78.71744219943355
161 7 164.22067596259402 65.04468747193279
161 8 13.64045272091709 85.50412988144028
161 9 79.68696372289915 84.70930707664499
162 1 10.314444960536026 64.60797392573035
162 2 39.96858733168156 49.98396001929075
162 3 150.65571650762067 73.83309266424698
162 4 148.12640910579194 19.289650185064204
162 5 21.47523788886658 85.34744643540954
162 6 148.97631931792048 78.30552386981125
162 7 163.98197450273776 64.53726165901968
162 8 13.640452720917088 84.9223086005956
162 9 79.46258803931819 84.18576381495608
163 1 10.314444960536026 64.24763088415573
163 2 40.66668172604195 49.98396001929075
163 3 150.68388702595016 73.4013064418225
163 4 147.48815991045123 19.289650185064204
163 5 21.060321625559773 85.28940612365719
163 6 149.0263100555023 77.87301942324595
163 7 163.7011600908079 64.02985725603217
163 8 13.54562394262645 84.34914822048677
163 9 79.22455766357109 83.66621627935382
164 1 10.314444960536026 63.8872878425811
164 2 41.36477612040234 49.98396001929075
164 3 150.68388702595013 72.9638057327572
164 4 146.84991071511055 19.289650185064204
164 5 20.756901444684154 85.0174320234989
164 6 149.1218679504568 77.45339730992853
164 7 163.47698239318208 63.52242405934154
164 8 13.383603670774594 83.80863229317282
164 9 78.87808812536977 83.17840092672284
165 1 10.314444960536026 63.526944801006486
165 2 42.06287051476273 49.98396001929075
165 3 150.68388702595016 72.5263050236919
165 4 146.21276137223091 19.28454604386515
165 5 20.486270416915225 84.71998542516116
165 6 149.2579254298883 77.04522487163405
165 7 163.28314142907325 62.99304275047865
165 8 13.165420690457832 83.29953867243371
165 9 78.83300499165627 82.59444677239495
166 1 10.314444960536026 63.16660175943186
166 2 42.76096490912312 49.98396001929075
166 3 150.68388702595016 72.0888043146266
166 4 145.58099075960038 19.254480555908298
166 5 20.289130701083895 84.38688604919805
166 6 149.4238414355993 76.64334073572753
166 7 163.11982783011732 62.43688667178535
166 8 12.947237710141072 82.79044505169459
166 9 78.69375975807259 82.03028380740271
167 1 10.388457304153334 62.826028418265274
167 2 43.459059303483514 49.98396001929075
167 3 150.68388702595013 71.65130360556131
167 4 144.99604288000702 19.00770648291511
167 5 19.988031148579353 84.14006964250007
167 6 149.58931499295502 76.240675289411
167 7 163.1198278301173 61.85695912275994
167 8 12.72905472982431 82.28135143095548
167 9 78.4709923207031 81.49423219368259
168 1 10.538922171536061 62.505876582707195
168 2 44.1571536978439 49.98396001929075
168 3 150.68388702595013 71.213802896496
168 4 144.37557541070586 18.92538247237931
168 5 19.61191462329146 83.95551465679077
168 6 149.74560382105648 75.8343097244902
168 7 162.95203272491787 61.32267807193659
168 8 12.51087174950755 81.77225781021637
168 9 78.2464158258861 80.96799368158979
169 1 10.718801548486557 62.19737019697421
169 2 44.85524809220429 49.98396001929075
169 3 150.68923332692336 70.77657905308342
169 4 143.73732621536513 18.92538247237931
169 5 19.266905111129084 83.71870358291224
169 6 149.79938096648493 75.4089106694767
169 7 162.66818240958347 60.821703365638584
169 8 12.29268876919079 81.26316418947725
169 9 78.02064562969053 80.42573353551819
170 1 10.915789993088747 61.89563743391315
170 2 45.55334248656468 49.98396001929075
170 3 150.73442529856447 70.34141867330163
170 4 143.09907702002442 18.92538247237931
170 5 18.95212362466335 83.45935072956134
170 6 149.80621702503402 74.980362793845
170 7 162.4507095786989 60.31426676024135
170 8 12.059395039004412 80.73287233840553
170 9 77.99852960008548 79.83289138327427
171 1 11.128799677122098 61.60518783919034
171 2 46.25143688092507 49.98396001929075
171 3 150.7547926795458 69.90497271746813
171 4 142.46082782468372 18.92538247237931
171 5 18.733210243546633 83.14013889802447
171 6 150.0239089921244 74.7626708267546
171 7 162.2332367478144 59.806830154844114
171 8 11.833147384974172 80.21246512883657
171 9 77.8881186846482 79.25030317631789
172 1 11.346524695112148 61.31805908035125
172 2 46.94953127528546 49.98396001929075
172 3 150.75479267954583 69.46747200840282
172 4 141.8847717469003 18.65580964259977
172 5 18.575050964259294 82.79240544628887
172 6 150.28321901443675 74.5134190122927
172 7 162.0519835876373 59.282502762058535
172 8 11.640262395867248 79.69493884436085
172 9 77.69697243888773 78.69712153068119
173 1 11.365474135041545 60.964088157449424
173 2 47.64762566964585 49.98396001929075
173 3 150.7547926795458 69.02997129933753
173 4 141.26439592616794 18.578338430991153
173 5 18.469308037034196 82.42006461429895
173 6 150.60319351000084 74.21816405072344
173 7 161.98046313882648 58.70700229505565
173 8 11.64026239586725 79.11311756351614
173 9 77.47259675530677 78.17357826899226
174 1 11.365474135041545 60.6037451158748
174 2 48.34572006400624 49.98396001929075
174 3 150.7547926795458 68.59247059027223
174 4 140.62614673082723 18.578338430991153
174 5 18.230367557561124 82.08619264089526
174 6 150.67282515520654 73.81327445605783
174 7 161.84801743371685 58.14321641717795
174 8 11.478073680927475 78.57236703587508
174 9 77.24822107172581 77.65003500730332
175 1 11.365474135041545 60.24340207430017
175 2 49.043814458366626 49.98396001929075
175 3 150.75479267954583 68.15496988120694
175 4 139.98789753548652 18.578338430991153
175 5 17.955202488161348 81.77326172266599
175 6 150.67282515520657 73.37789052187703
175 7 161.67521198168683 57.60183760111421
175 8 11.305534147209892 78.03037782048803
175 9 77.02384538814485 77.12649174561439
176 1 11.382428075777256 59.88514956852631
176 2 49.741908852727015 49.98396001929075
176 3 150.7547926795458 67.71746917214163
176 4 139.34964834014582 18.578338430991153
176 5 17.61494926252167 81.52881965225546
176 6 150.67282515520654 72.94250658769624
176 7 161.45773915080233 57.09440099571698
176 8 11.245880198193014 77.45162276935633
176 9 76.79873026449043 76.58422269035803
177 1 11.469962629890874 59.535600130753366
177 2 50.440003247087404 49.98396001929075
177 3 150.7547926795458 67.27996846307634
177 4 138.7113991448051 18.578338430991153
177 5 17.25102556572654 81.32729713906686
177 6 150.6799198846167 72.50723105770598
177 7 161.2455046823955 56.5569644519194
177 8 10.966214280068472 76.9458415688105
177 9 76.53938555715938 76.04863510699333
178 1 11.593887587385316 59.21303936923441
178 2 51.13809764144779 49.98396001929075
178 3 150.75479267954583 66.84246775401104
178 4 138.07422826560588 18.546047067051273
178 5 16.862741462937056 81.16994518049704
178 6 150.6932217102048 72.07205036928016
178 7 161.0309525175297 56.03280128339804
178 8 10.710114978597142 76.44121476293594
178 9 76.26044613996181 75.52210997483118
179 1 11.790362018492901 58.94428439368742
179 2 51.83619203580818 49.98396001929075
179 3 150.75479267954583 66.40496704494575
179 4 137.43666547410757 18.52549194835112
179 5 16.654174201606285 80.85685328645398
179 6 150.69443409507224 71.63668495978052
179 7 160.8228684336769 55.52223509565689
179 8 10.49193199828038 75.93212114219683
179 9 76.06431786891213 74.96040504278936
180 1 11.963778879847451 58.65057445465772
180 2 52.53428643016857 49.98396001929075
180 3 150.7547926795458 65.96746633588045
180 4 136.79841627876687 18.525491948351124
180 5 16.468769535091493 80.51780749563716
180 6 150.69443409507224 71.20130102559973
180 7 160.82286843367692 54.94230754663147
180 8 10.27374901796362 75.42302752145771
180 9 75.94156958763134 74.3750883651871
181 1 12.111649612782756 58.329216211463496
181 2 53.23238082452896 49.98396001929075
181 3 150.75479267954583 65.52996562681514
181 4 136.16016708342616 18.525491948351124
181 5 16.15911285816036 80.24712364695186
181 6 150.69443409507227 70.76591709141894
181 7 160.6919118882677 54.406032179409124
181 8 10.055566037646859 74.9139339007186
181 9 75.90844510662853 73.7801145174714
182 1 12.168615656196152 57.98389175857722
182 2 53.93047521888935 49.98396001929075
182 3 150.75479267954583 65.09246491774985
182 4 135.52191788808545 18.525491948351124
182 5 15.858329987720978 79.96217187248766
182 6 150.69443409507227 70.33053315723815
182 7 160.47443905738317 53.89859557401188
182 8 9.802131081775915 74.41348992695384
182 9 75.82730177474872 73.19341857387138
183 1 12.168615656196152 57.62354871700259
183 2 54.49665624690772 50.27508972117485
183 3 150.7547926795458 64.65496420868455
183 4 134.88411067031242 18.504333672199078
183 5 15.568445674461382 79.65969663669007
183 6 150.69443409507224 69.89514922305736
183 7 160.25696622649866 53.39115896861464
183 8 9.477825404146987 73.93043524029673
183 9 75.69955992201562 72.61340672962042
184 1 12.338760450433723 57.35024740057565
184 2 55.02595057077324 50.6245572888812
184 3 150.75479267954583 64.21746349961926
184 4 134.26863769596198 18.36837207604274
184 5 15.202429953609034 79.47012292716849
184 6 150.69443409507227 69.45976528887657
184 7 160.04391562018915 52.86276465771483
184 8 9.378052375430395 73.4026473349328
184 9 75.69955992201562 72.01507157340453
185 1 12.564083130293952 57.1051736792163
185 2 55.719261416929 50.560215254331375
185 3 150.75479267954583 63.77996279055396
185 4 133.68469368899233 18.115130636707388
185 5 14.825079736508457 79.29936927273401
185 6 150.69443409507227 69.02438135469578
185 7 159.83613390814378 52.324876979308534
185 8 9.339128799755377 72.84440102615912
185 9 75.69955992201562 71.41673641718862
186 1 12.587635101300068 56.75687922364859
186 2 56.378507910757804 50.665952832718155
186 3 150.7547926795458 63.34246208148866
186 4 133.1286046862712 17.802325169164575
186 5 14.57224316868076 78.96530662394802
186 6 150.69443409507224 68.58899742051499
186 7 159.63751967811 51.78350276413857
186 8 9.339128799755379 72.26257974531443
186 9 75.55718710064272 70.84891695580143
187 1 12.596448931025582 56.40140944983451
187 2 57.05381609089795 50.731637098175995
187 3 150.75479267954583 62.90496137242336
187 4 132.54508061629468 17.54374888426769
187 5 14.258207656330756 78.7215990474482
187 6 150.69443409507224 68.1536134863342
187 7 159.30733498406306 51.3119097676372
187 8 9.339128799755377 71.6807584644697
187 9 75.26424336436807 70.37736931446713
187 10 169.35058373487428 115.73842685404134
188 1 12.842419900035102 56.1770665841917
188 2 57.73630065278556 50.82751358507349
188 3 150.75479267954583 62.467460663358054
188 4 131.9161740291095 17.49960504920039
188 5 13.854180131727054 78.61075707567126
188 6 150.69443409507227 67.7182295521534
188 7 158.97182449687375 50.86599260947695
188 8 9.339128799755379 71.09893718362501
188 9 74.85765904346512 69.99939199893181
188 10 169.3505837348743 115.21215561034467
189 1 13.050336337602898 55.928981908062106
189 2 58.42451743022137 50.92842832978235
189 3 150.7547926795458 62.02995995429274
189 4 131.27792483376876 17.49960504920039
189 5 13.516139070775596 78.37848384345148
189 6 150.69443409507224 67.28284561797261
189 7 158.66678177076054 50.43859782703469
189 8 9.391355763041808 70.52538220660789
189 9 74.40751061135104 69.6592237051824
189 10 169.3505837348743 114.685884366648
190 1 13.080322933160687 55.56988872837457
190 2 59.12261182458176 50.92842832978235
190 3 150.76199443522597 61.59254141501589
190 4 130.64080377515444 17.47727934921294
190 5 13.209878895050505 78.09608894554584
190 6 150.69443409507224 66.84746168379182
190 7 158.55699674052607 49.877406992623335
190 8 9.543277189675896 69.96760652580295
190 9 73.83079166507713 69.49984925248495
190 10 169.35058373487428 114.15961312295133
191 1 13.174645941339996 55.23751532328076
191 2 59.82070621894215 50.92842832978235
191 3 150.77045462056523 61.15513723402936
191 4 130.00546146776372 17.419752360903523
191 5 13.05277037114788 77.72950238977305
191 6 150.69443409507227 66.41207774961103
191 7 158.50810928493863 49.30359106047456
191 8 9.72348470676727 69.42148506231354
191 9 73.41708555472209 69.0953279272435
191 10 169.3505837348743 113.63334187925466
192 1 13.40787538063506 54.96283162107519
192 2 60.51880061330254 50.92842832978235
192 3 150.7704546205652 60.71763652496406
192 4 129.36721227242296 17.419752360903523
192 5 12.895661847245256 77.36291583400026
192 6 150.69443409507224 65.97669381543024
192 7 158.5081092849386 48.723663511449146
192 8 9.905303857031235 68.87602761152162
192 9 72.92568336466915 68.83473632633317
192 10 169.35058373487428 113.10707063555799
192 11 51.695996693548324 114.8793624445598
193 1 13.635664533748292 54.687565414923746
193 2 61.21689500766293 50.92842832978235
193 3 150.7704546205652 60.28013581589875
193 4 128.74051149132396 17.30744002871232
193 5 12.738553323342632 76.99632927822748
193 6 150.69443409507224 65.54130988124945
193 7 158.50810928493863 48.143735962423726
193 8 10.087123007295201 68.3305701607297
193 9 72.40246174116501 68.6301578302751
193 10 169.35058373487428 112.58079939186132
193 11 51.45445614162214 114.62132198972992
194 1 13.856987224432043 54.41160682977696
194 2 61.914989402023316 50.92842832978235
194 3 150.77045462056523 59.84263510683344
194 4 128.10728922769331 17.258551375057678
194 5 12.490385235210987 76.68142836424137
194 6 150.69443409507227 65.10592594706866
194 7 158.50810928493863 47.56380841339831
194 8 10.268942157559167 67.78511270993779
194 9 72.04680737893615 68.15434876038675
194 10 169.3505837348743 112.05452814816466
194 11 51.22135637639465 114.35641206282959
195 1 14.085003538517062 54.15817247193876
195 2 62.613083796383705 50.92842832978235
195 3 150.7704546205652 59.40513439776814
195 4 127.46904003235262 17.258551375057678
195 5 12.199251276310022 76.39091498850493
195 6 150.69443409507227 64.67054201288786
195 7 158.5081092849386 46.9838808643729
195 8 10.450761307823132 67.23965525914588
195 9 71.85090307599228 67.63743691990364
195 10 169.2640792778798 111.53603282530194
195 11 51.0177578002164 114.06749281056037
196 1 14.31753333305373 53.919926100270594
196 2 63.311178190744094 50.92842832978235
196 3 150.7729582695616 58.96764976920804
196 4 126.83976284219901 17.219334788453793
196 5 11.91582629202046 76.08239999601335
196 6 150.69443409507224 64.23515807870707
196 7 158.50810928493863 46.40395331534748
196 8 10.632580458087098 66.69419780835395
196 9 71.44461899031664 67.22320058141008
196 10 169.21771647191758 111.01392915309613
196 11 50.86550950676659 113.76723118429489
197 1 14.49873220962001 53.637317275829325
197 2 64.00927258510448 50.92842832978235
197 3 150.77857802075548 58.5301851548343
197 4 126.26500335923905 16.94182159579327
197 5 11.681678365784187 75.75586591399724
197 6 150.69443409507227 63.79977414452628
197 7 158.5081092849386 45.824025766322066
197 8 10.814399608351064 66.14874035756203
197 9 70.96946187339964 66.86097231843267
197 10 169.21648070289814 110.48767397008125
197 11 50.77732263636181 113.4528195167774
198 1 14.661672501919325 53.338928574185886
198 2 64.70736697946488 50.92842832978235
198 3 150.7792719418056 58.092688902704076
198 4 125.63309194893604 16.91411917134942
198 5 11.553796899561526 75.39053648400042
198 6 150.69443409507227 63.3643902103455
198 7 158.5081092849386 45.24409821729665
198 8 10.996218758615031 65.60328290677012
198 9 70.55458218455362 66.47131322892197
198 10 169.20280363636166 109.96158048048741
198 11 50.605738182554695 113.16007320899288
199 1 14.931369732347983 53.150773702743884
199 2 65.40546137382526 50.92842832978235
199 3 150.7792719418056 57.655188193638764
199 4 125.06030540046642 16.783339174670058
199 5 11.382006631272306 75.0456281203438
199 6 150.69443409507224 62.929006276164706
199 7 158.50810928493863 44.66417066827123
199 8 11.247542378292044 65.08614066878079
199 9 70.26750835759069 66.0021496773958
199 10 169.19835434386823 109.43536706205565
199 11 50.392591826743285 112.87812401931869
200 1 15.216241531540337 52.97857751902988
200 2 66.10355576818566 50.92842832978235
200 3 150.77927194180558 57.21768748457347
200 4 124.52016608293229 16.588292061532147
200 5 11.185021050631066 74.71243756999087
200 6 150.69443409507224 62.49362234198393
200 7 158.5081092849386 44.08424311924582
200 8 11.533327643413173 64.58303765492361
200 9 69.75504737682499 65.69329906244324
200 10 169.1983543438682 108.90909581835898
200 11 50.07113862816848 112.74640744977593
201 1 15.519207924559943 52.84058185365955
201 2 66.80165016254604 50.92842832978235
201 3 150.77927194180558 56.780186775508156
201 4 123.96800704205741 16.3998348920301
201 5 10.811454017547295 74.6379942252792
201 6 150.69443409507227 62.05823840780315
201 7 158.5081092849386 43.504315570220406
201 8 11.71514679367714 64.0375802041317
201 9 69.2810010329628 65.32928438950468
201 10 169.19835434386823 108.38282457466231
201 11 49.734909529859735 112.63847812152645
202 1 15.801210620482248 52.67533004771437
202 2 67.49974455690644 50.92842832978235
202 3 150.7792719418056 56.342686066442845
202 4 123.36778734462861 16.220053916105638
202 5 10.440748088656475 74.58577315916529
202 6 150.69443409507224 61.62285447362236
202 7 158.50810928493863 42.924388021194986
202 8 11.89696594394111 63.4921227533398
202 9 68.90122555648799 64.87662551099356
202 10 169.0588583873266 107.87904466863537
202 11 49.3878471138991 112.57158721047578
203 1 15.97208014836959 52.36558744720992
203 2 68.19783895126682 50.92842832978235
203 3 150.77927194180558 55.90518535737755
203 4 122.77261045117132 15.991990216340902
203 5 10.100346286867456 74.55958840518151
203 6 150.69443409507224 61.187470539441584
203 7 158.49143807195998 42.34470325288215
203 8 12.07999711227946 62.94441675083773
203 9 68.54978074321481 64.39448619952645
203 10 168.90968128835803 107.37473758395008
203 11 49.07789350888343 112.43906751146827
204 1 16.143066822995358 52.05366140330911
204 2 68.89593334562721 50.92842832978235
204 3 150.77927194180558 55.467684648312236
204 4 122.14851372846044 15.89326683179839
204 5 9.721426051094124 74.48667922098079
204 6 150.69443409507227 60.75208660526081
204 7 158.48377481274534 41.76488730290686
204 8 12.265119071416867 62.39283188602644
204 9 68.13717119945616 63.96510946679276
204 10 168.78375211964564 106.86394684386813
204 11 48.84167183376353 112.17614920712798
205 1 16.314328070326784 51.736617726864154
205 2 69.5940277399876 50.92842832978235
205 3 150.7792719418056 55.030183939246925
205 4 121.5601019843649 15.709888834403138
205 5 9.315891262916265 74.38148550005441
205 6 150.69443409507224 60.316702671080016
205 7 158.4837748127453 41.18495975388144
205 8 12.447039668040555 61.847186230627315
205 9 67.62675697785963 63.65288794037935
205 10 168.78375211964567 106.33767560017147
205 11 48.6204582702037 111.92006305734046
206 1 16.508589901630994 51.45050961577926
206 2 70.29212213434799 50.92842832978235
206 3 150.77927194180558 54.59268323018163
206 4 121.06583316315147 15.330819709992769
206 5 9.279409994582139 73.99075500056904
206 6 150.69443409507224 59.88131873689923
206 7 158.48377481274534 40.60503220485602
206 8 12.628858818304524 61.301728779835415
206 9 67.27684637230078 63.22387991744571
206 10 168.78375211964567 105.8114043564748
206 11 48.411168586764155 111.66940502497624
207 1 16.732194667421897 51.20386747080824
207 2 70.99021652870837 50.92842832978235
207 3 150.77927194180558 54.155182521116316
207 4 120.7036815000058 14.865468853804252
207 5 9.279409994582139 73.5717989368287
207 6 150.69443409507227 59.445934802718455
207 7 158.48377481274534 40.02510465583061
207 8 12.810677968568491 60.75627132904352
207 9 66.94807935823779 62.77948313332616
207 10 168.78375211964564 105.28513311277814
207 11 48.12608760962692 111.47693046877933
208 1 16.981677570896142 50.960720862375986
208 2 71.68831092306877 50.92842832978235
208 3 150.7792719418056 53.71768181205101
208 4 120.0819299313411 14.749650170500514
208 5 9.279409994582139 73.15284287308836
208 6 150.69443409507227 59.01055086853767
208 7 158.4837748127453 39.44517710680519
208 8 12.99249711883246 60.21081387825162
208 9 66.65692260527327 62.31261051118077
208 10 168.78375211964567 104.75886186908147
208 11 47.8197586791271 111.30069429812391
209 1 17.249917175836757 50.72010784952641
209 2 72.3862780465044 50.92434558151362
209 3 150.77927194180558 53.28018110298571
209 4 119.47115913800205 14.570295158343143
209 5 9.279409994582139 72.73388680934802
209 6 150.69443409507224 58.575166934356886
209 7 158.48377481274534 38.86524955777978
209 8 13.174316269096428 59.66535642745973
209 9 66.39541093054369 61.821163349382765
209 10 168.7093676321411 104.23952158873077
209 11 47.58780633933325 111.03400191612214
210 1 17.5555248366187 50.586970913115096
210 2 73.08301701577739 50.88086464162251
210 3 150.77927194180558 52.8426803939204
210 4 118.87001243888317 14.35601225236765
210 5 9.279409994582139 72.31493074560767
210 6 150.69443409507227 58.13978300017611
210 7 158.4837748127453 38.28532200875436
210 8 13.356135419360397 59.11989897666783
210 9 65.99574338074707 61.375887245371466
210 10 168.64610830594424 103.7191446932493
210 11 47.387647648838744 110.75673244930671
211 1 17.87565495242314 50.49560271342097
211 2 73.78088622040899 50.873640737363665
211 3 150.7792719418056 52.40517968485509
211 4 118.29218338643676 14.09566802042086
211 5 9.279409994582139 71.89597468186733
211 6 150.69443409507227 57.704399065995325
211 7 158.4837748127453 37.70539445972894
211 8 13.537954569624365 58.574441525875926
211 9 65.79716700897345 60.859765587741805
211 10 168.64610830594427 103.19287344955264
211 11 47.29721640600071 110.4429589464393
212 1 18.114775962630212 50.27249947927937
212 2 74.47898061476938 50.873640737363665
212 3 150.7792719418056 51.96767897578979
212 4 117.7758817866309 13.721132844575738
212 5 9.279409994582139 71.47701861812699
212 6 150.69443409507224 57.26901513181454
212 7 158.48377481274534 37.12546691070353
212 8 13.719773719888334 58.02898407508403
212 9 65.4398071894476 60.418053670862754
212 10 168.64610830594424 102.66660220585597
212 11 47.104570277357446 110.20146229277084
213 1 18.340571247641687 50.02793999480473
213 2 75.17707500912977 50.873640737363665
213 3 150.77927194180558 51.530178266724484
213 4 117.14835265053699 13.60464585514661
213 5 9.279409994582139 71.05806255438665
213 6 150.69443409507224 56.83363119763376
213 7 158.4837748127453 36.54553936167812
213 8 13.901592870152301 57.48352662429213
213 9 64.94561789923918 60.10071004520269
213 10 168.64610830594424 102.1403309621593
213 11 46.785532916067126 110.04933774953561
214 1 18.34057124764169 49.66759695323011
214 2 75.87516940349016 50.873640737363665
214 3 150.7792719418056 51.09267755765917
214 4 116.56064277781921 13.387692211434093
214 5 9.345309517586472 70.65228639524717
214 6 150.69443409507227 56.39824726345298
214 7 158.44209148707606 35.96889412120625
214 8 14.086744990646912 56.93788599237251
214 9 64.41969794228726 59.85656374905288
214 10 168.64610830594427 101.61405971846263
214 11 46.53884284679938 109.83219350470208
215 1 18.391454468960543 49.35813713297434
215 2 76.57326379785054 50.873640737363665
215 3 150.7792719418056 50.65517684859387
215 4 115.9763155193499 13.162738312135474
215 5 9.476233287505325 70.2595150854906
215 6 150.69443409507224 55.962863329272196
215 7 158.35297729204075 35.39598377342164
215 8 14.28652992948358 56.39144113599834
215 9 64.0457738383838 59.449430955896204
215 10 168.64610830594424 101.08778847476596
215 11 46.32785297128671 109.58296490840128
216 1 18.751797510535166 49.35813713297434
216 2 77.27135819221094 50.873640737363665
216 3 150.77927194180558 50.217676139528564
216 4 115.3926094986538 12.930580834731378
216 5 9.60715705742418 69.86674377573404
216 6 150.69443409507224 55.52747939509141
216 7 158.35297729204078 34.81605622439623
216 8 14.472160762818103 55.84577419386536
216 9 63.81654483969782 58.947987476441504
216 10 168.64610830594424 100.56151723106929
216 11 46.1273730832506 109.29561423184369
217 1 19.112140552109786 49.35813713297434
217 2 77.96945258657132 50.873640737363665
217 3 150.7792719418056 49.78017543046325
217 4 114.83263313969269 12.62479813193688
217 5 9.738080827343033 69.47397246597745
217 6 150.69443409507227 55.092095460910635
217 7 158.29981039488905 34.24037775607804
217 8 14.670000289179223 55.30344535478337
217 9 63.337959791717005 58.7103726895851
217 10 168.64610830594427 100.03524598737262
217 11 45.921044826358724 109.00983950817157
218 1 19.47248359368441 49.35813713297434
218 2 78.66754698093172 50.873640737363665
218 3 150.7792719418056 49.34267472139795
218 4 114.31556013305863 12.250635679032476
218 5 9.869004597261887 69.08120115622089
218 6 150.69443409507224 54.65671152672985
218 7 158.21388189475846 33.66706571399719
218 8 14.892880949182523 54.766006786907695
218 9 62.755413527864704 58.57423732010159
218 10 168.64610830594424 99.50897474367595
218 11 45.659662294770285 108.77191959153146
219 1 19.832826635259032 49.35813713297434
219 2 79.36564137529211 50.873640737363665
219 3 150.77927194180558 48.905174012332644
219 4 113.70144583459071 12.176113016528483
219 5 9.99992836718074 68.68842984646432
219 6 150.69443409507224 54.221327592549066
219 7 158.16712711841598 33.08902596362721
219 8 15.27867307650993 54.35799281828402
219 9 62.1979049547202 58.38413514376768
219 10 168.555995782197 98.99181480706694
219 11 45.399515264563505 108.53588331604065
220 1 20.19316967683365 49.35813713297434
220 2 80.0637357696525 50.873640737363665
220 3 150.7792719418056 48.46767330326733
220 4 113.08702814150678 12.047823045899234
220 5 10.130852137099593 68.29565853670773
220 6 150.69443409507227 53.78594365836829
220 7 158.15287788067667 32.50967375029901
220 8 15.543643948409049 53.86862601681853
220 9 61.71829665439818 58.04502730580162
220 10 168.49697387723347 98.47151128770713
220 11 45.14179907336432 108.30355308932496
221 1 20.553512718408275 49.35813713297434
221 2 80.76183016401289 50.873640737363665
221 3 150.7792719418056 48.03017259420203
221 4 112.51934048003561 11.768466972682067
221 5 10.29300478591549 67.91092405892545
221 6 150.69443409507227 53.350559724187505
221 7 158.1528778806767 31.929746201273595
221 8 15.751928907589122 53.344985144920244
221 9 61.15095418265492 57.857088296055004
221 10 168.49697387723344 97.94524004401046
221 11 44.88482993386814 108.06508503594203
222 1 20.913855759982898 49.35813713297434
222 2 81.45990893266017 50.870359461212544
222 3 150.77927194180558 47.592671885136724
222 4 112.0036140269637 11.397204800926204
222 5 10.460189990883322 67.52748472235932
222 6 150.69443409507224 52.915175790006714
222 7 158.15287788067667 31.34981865224818
222 8 16.068015613813575 52.91020856304681
222 9 60.6930826690161 57.4927796643443
222 10 168.49697387723347 97.41896880031379
222 11 44.62844907369533 107.82178364036307
223 1 21.274198801557517 49.35813713297434
223 2 82.15797905835375 50.86526323314898
223 3 150.77927194180558 47.15517117607142
223 4 111.39376890700198 11.208920534424948
223 5 10.591113760802175 67.13471341260274
223 6 150.69443409507227 52.47979185582594
223 7 158.0995212150699 30.772919074813938
223 8 16.386109030394206 52.47689977072079
223 9 60.19369599816053 57.2063879154345
223 10 168.44375032752544 96.89715213862426
223 11 44.31881040870248 107.65916830324502
224 1 21.63454184313214 49.35813713297434
224 2 82.85607345271413 50.86526323314898
224 3 150.7792719418056 46.71767046700611
224 4 110.77928593472836 11.036528378400593
224 5 10.722037530721028 66.74194210284617
224 6 150.69443409507227 52.04440792164516
224 7 158.05833392906314 30.195328889462353
224 8 16.649755400940396 51.9987555161769
224 9 59.678825975042564 56.984386737325174
224 10 168.37313093176147 96.37679143436836
224 11 43.99506628483938 107.51840841411978
225 1 21.994884884706764 49.35813713297434
225 2 83.55416784707452 50.86526323314898
225 3 150.77927194180558 46.280169757940804
225 4 110.15747109041614 10.894488026910395
225 5 10.852961300639882 66.3491707930896
225 6 150.69443409507224 51.60902398746437
225 7 158.0583339290631 29.61540134043694
225 8 16.831815359005784 51.453377421169726
225 9 59.352960391311385 56.53776325133019
225 10 168.37313093176144 95.85052019067169
225 11 43.84142269559905 107.2302673579194
226 1 22.355227926281383 49.35813713297434
226 2 84.2522622414349 50.86526323314898
226 3 150.77927194180558 45.8426690488755
226 4 109.58548565463097 10.690094451437268
226 5 10.983885070558735 65.95639948333302
226 6 150.69443409507224 51.17364005328359
226 7 158.05833392906314 29.035473791411523
226 8 17.072810125697263 50.92742069855289
226 9 58.85093700737237 56.212221424305866
226 10 168.37313093176147 95.32424894697502
226 11 43.67966175262458 106.93979847400786
227 1 22.715570967856006 49.35813713297434
227 2 84.9503566357953 50.86526323314898
227 3 150.7792719418056 45.40516833981019
227 4 109.12137836356473 10.328268990121371
227 5 11.117294289871701 65.56434285565764
227 6 150.69443409507227 50.738256119102815
227 7 158.01363515168046 28.459082001361534
227 8 17.487398000489044 50.65700411211706
227 9 58.46969011573642 55.76092023536965
227 10 168.37313093176147 94.79797770327835
227 11 43.490234864451914 106.64139577866005
228 1 23.07591400943063 49.35813713297434
228 2 85.64845103015568 50.86526323314898
228 3 150.77927194180558 44.967667630744884
228 4 108.7277907175488 9.889185841528532
228 5 11.295447974512543 65.1851523389069
228 6 150.69443409507224 50.30287218492202
228 7 157.92631540242922 27.886018514044054
228 8 17.94654194907278 50.46031465351448
228 9 58.14176960506324 55.289590500160266
228 10 168.37313093176144 94.27170645958168
228 11 43.31053851665785 106.35119370974468
229 1 23.43625705100525 49.35813713297434
229 2 86.34654542451608 50.86526323314898
229 3 150.77927194180558 44.53016692167958
229 4 108.12649784247182 9.754318072035595
229 5 11.456065914625967 64.80091948155422
229 6 150.69443409507224 49.86748825074124
229 7 157.91344711414138 27.30623375288249
229 8 18.14739822083971 49.914262677109626
229 9 57.785212016914976 54.86185135150603
229 10 168.244489794228 93.7623468497202
229 11 43.1427681035785 106.07104248401453
230 1 23.796600092579872 49.35813713297434
230 2 87.04463981887646 50.86526323314898
230 3 150.7792719418056 44.09266621261427
230 4 107.52045814464626 9.589658889402855
230 5 11.58698968454482 64.40814817179765
230 6 150.69443409507227 49.43210431656046
230 7 157.908405965403 26.726362140967254
230 8 18.657227129010696 49.81107320708528
230 9 57.324452318830275 54.49848446415838
230 10 168.18057193983682 93.24447848063829
230 11 42.856756013431145 105.92394030017061
231 1 24.156943134154492 49.35813713297434
231 2 87.74273421323686 50.86526323314898
231 3 150.77927194180558 43.655165503548965
231 4 106.96268835057268 9.310862687335158
231 5 11.734468887562278 64.01779865835863
231 6 150.69443409507224 48.99672038237968
231 7 157.87203309447233 26.158558882252077
231 8 19.23904840985539 49.81107320708528
231 9 56.97296736093413 54.01427037562247
231 10 168.15834579249827 92.7224591962016
231 11 42.512972805154796 105.84184389183967
232 1 24.517286175729115 49.35813713297434
232 2 88.44082860759724 50.86526323314898
232 3 150.77927194180558 43.21766479448366
232 4 106.43808520436015 8.96670878363802
232 5 11.889181471377848 63.62850727338268
232 6 150.69443409507224 48.561336448198894
232 7 157.65456026358777 25.65112227685484
232 8 19.820869690700082 49.81107320708528
232 9 56.51785011531437 53.63256888963764
232 10 167.96409873838417 92.23334826409106
232 11 42.35650297888074 105.56699759491893
233 1 24.87762921730374 49.35813713297434
233 2 89.13892300195764 50.86526323314898
233 3 150.7792719418056 42.78016408541835
233 4 105.8055396227213 8.881572877569011
233 5 12.0201052412967 63.23573596362612
233 6 150.69443409507227 48.12595251401812
233 7 157.43708743270327 25.1436856714576
233 8 20.402690971544775 49.81107320708528
233 9 55.9745681864153 53.42867908965397
233 10 167.89770905871157 91.7183555743022
233 11 42.20471601160417 105.2795372366828
234 1 25.237972258878358 49.35813713297434
234 2 89.83701739631802 50.86526323314898
234 3 150.77927194180558 42.342663376353045
234 4 105.24079254985945 8.592284865308566
234 5 12.151029011215556 62.84296465386955
234 6 150.69443409507227 47.69056857983733
234 7 157.21961460181873 24.63624906606036
234 8 20.984512252389464 49.81107320708528
234 9 55.403620431498865 53.279479956913256
234 10 167.84149049175693 91.20016260890023
234 11 41.92071760935598 105.06912900948124
235 1 25.59831530045298 49.35813713297434
235 2 90.53511179067841 50.86526323314898
235 3 150.77927194180558 41.90516266728774
235 4 104.7618767331791 8.22675627814976
235 5 12.28195278113441 62.45019334411299
235 6 150.69443409507224 47.25518464565655
235 7 157.0021417709342 24.12881246066312
235 8 21.566333533234157 49.81107320708528
235 9 54.87752348017286 52.99449710933441
235 10 167.6714422736975 90.70212142036574
235 11 41.63461197479593 104.86165651153635
236 1 25.958658342027604 49.35813713297434
236 2 91.2332061850388 50.86526323314898
236 3 150.7792719418056 41.46766195822243
236 4 104.30445551551196 7.836532163098176
236 5 12.412876551053262 62.05742203435642
236 6 150.69443409507227 46.81980071147577
236 7 156.79813358690936 23.74753828169712
236 8 22.14815481407885 49.81107320708528
236 9 54.345918409116614 52.71990467027026
236 10 167.64889909064482 90.17959261695084
236 11 41.34440077087966 104.65990376267011
237 1 26.319001383602224 49.35813713297434
237 2 91.9312949698336 50.863553857490345
237 3 150.7792719418056 41.030161249157125
237 5 12.543800320972116 61.66465072459986
237 6 150.69443409507227 46.38441677729499
237 7 156.53457476915352 23.37220523058706
237 8 22.729976094923543 49.81107320708528
237 9 54.12972018816961 52.23107725565894
237 10 167.64889909064482 89.65332137325417
237 11 41.040264586304666 104.4814277830815
238 1 26.679344425176847 49.35813713297434
238 2 92.62937602825427 50.859490061401786
238 3 150.77927194180558 40.59266054009182
238 5 12.740724559491792 61.29530093309009
238 6 150.69443409507224 45.9490328431142
238 7 156.17921853404908 22.97122446303157
238 8 23.311797375768236 49.81107320708528
238 9 53.87865601240514 51.74661428234745
238 10 167.6488990906448 89.1270501295575
238 11 40.72526002168475 104.32111920931754
239 1 27.03968746675147 49.35813713297434
239 2 93.32747042261467 50.859490061401786
239 3 150.7792719418056 40.155159831026516
239 5 12.920691242361494 60.91993343128983
239 6 150.69443409507224 45.51364890893342
239 7 155.77656562748274 22.618014827974076
239 8 23.89361865661293 49.81107320708528
239 9 53.58323946161737 51.280642418216544
239 10 167.64889909064482 88.60077888586083
239 11 40.422749108429 104.13880743503509
240 1 27.40003050832609 49.35813713297434
240 2 93.98652215952309 50.73172257570723
240 3 150.7792719418056 39.717659121961205
240 5 13.051615012280347 60.52716212153327
240 6 150.69443409507227 45.07826497475264
240 7 155.3879543546705 22.249840361301313
240 8 24.475439937457622 49.81107320708528
240 9 53.29450371707231 50.81999830478832
240 10 167.64889909064482 88.07450764216416
240 11 40.12384415761328 103.95027469898893
241 1 27.760373549900713 49.35813713297434
241 2 94.63288455193423 50.635896813109206
241 3 150.77927194180558 39.28015841289591
241 5 13.17074310767147 60.12769583555226
241 6 150.69443409507224 44.64288104057186
241 7 155.01059947105742 21.8645347338539
241 8 25.057261218302315 49.81107320708528
241 9 52.739349955938806 50.596818420696486
241 10 167.6488990906448 87.5482363984675
241 11 39.85003050825848 103.7371525394677
242 1 28.120716591475336 49.35813713297434
242 2 95.2937406842713 50.59668168371626
242 3 150.7792719418056 38.8426577038306
242 5 13.282069682076928 59.723801570705696
242 6 150.69443409507224 44.207497106391074
242 7 154.5949396734138 21.46013036352453
242 8 25.639082499147005 49.81107320708528
242 9 52.20596067812554 50.326463409826545
242 10 167.64889909064482 87.02196515477083
242 11 39.61275864882682 103.50278093372269
243 1 28.481059633049956 49.35813713297434
243 2 95.98160767596858 50.57562643859685
243 3 150.7792719418056 38.405156994765285
243 5 13.407552917322706 59.324102522209834
243 6 150.69443409507227 43.7721131722103
243 7 154.14224411820965 21.174193248917653
243 8 26.220903779991698 49.81107320708528
243 9 51.731918413596425 49.979474824348834
243 10 167.6488990906448 86.49569391107416
243 11 39.49848931406224 103.19688202899208
244 1 28.84140267462458 49.35813713297434
244 2 96.53940621236258 50.286798103972295
244 3 150.77927194180558 37.96765628569999
244 5 13.55093211417911 58.94050768323995
244 6 150.69443409507224 43.336729238029505
244 7 153.67203102305368 20.94843942135383
244 8 26.80272506083639 49.81107320708528
244 9 51.69076808648499 49.740397927079485
244 10 167.58174711128916 85.98125083413974
244 11 39.381345677613105 102.89209118050724
245 1 29.2017457161992 49.35813713297434
245 2 97.21124589742954 50.2327472996849
245 3 150.7792719418056 37.53015557663468
245 5 13.74733821395514 58.60697521736019
245 6 150.69443409507224 42.90134530384873
245 7 153.21548970540366 20.69573195253537
245 8 27.384039544407756 49.827110080230405
245 9 52.2891032427009 49.740397927079485
245 10 167.40193087790473 85.48665246763063
245 11 39.26071028477337 102.58864641983847
246 1 29.56208875777382 49.35813713297434
246 2 97.7942133613176 49.95778136612132
246 3 150.7792719418056 37.092654867569365
246 5 13.91998308337142 58.24210822259727
246 6 150.69443409507227 42.465961369667944
246 7 152.77874529341466 20.340055416526404
246 8 27.964744978286078 49.86241945774833
246 9 52.8874383989168 49.740397927079485
246 10 167.39433975755588 84.96171832580737
246 11 39.08711651363944 102.29294136829184
247 1 29.922431799348445 49.35813713297434
247 2 98.34502935062805 49.606025751929494
247 3 150.77927194180558 36.65515415850407
247 5 14.07379770183953 57.85240930485396
247 6 150.69443409507227 42.03057743548716
247 7 152.40786427919372 19.907652010788958
247 8 28.54656625913077 49.86241945774833
247 9 53.4857735551327 49.740397927079485
247 10 167.39433975755588 84.4354470821107
247 11 38.88790434048498 102.00098036983366
248 1 30.282774840923064 49.35813713297434
248 2 99.038283107521 49.5919575889615
248 3 150.77927194180558 36.21765344943876
248 5 14.238894036366998 57.49809082887785
248 6 150.69443409507224 41.595193501306376
248 7 152.16564837951734 19.380729416793802
248 8 29.128387539975463 49.86241945774833
248 9 54.05479158265296 49.86929072499193
248 10 167.39433975755585 83.90917583841403
248 11 38.67325719349569 101.75154808354918
249 1 30.643117882497688 49.35813713297434
249 2 99.58857574897733 49.16240690255022
249 3 150.7792719418056 35.780152740373445
249 5 14.373041098494825 57.13516488501003
249 6 150.69443409507227 41.1598095671256
249 7 151.68325047077394 19.084399440663987
249 8 29.6853613342205 49.92144181464888
249 9 54.562767849891095 50.15066412084279
249 10 167.39433975755588 83.38290459471736
249 11 38.45364800044612 101.50560340353844
250 1 31.00346092407231 49.35813713297434
250 2 100.15438432325168 48.86145339849687
250 3 150.77927194180558 35.34265203130815
250 5 14.373041098494825 56.716208821269696
250 6 150.69443409507227 40.724425632944815
250 7 151.13913602009805 18.935348313640343
250 8 30.16513614116061 50.16384151890398
250 9 55.028946869257624 50.50636063124166
250 10 167.39433975755585 82.85663335102069
250 11 38.21048238400726 101.24909375940098
251 1 31.36380396564693 49.35813713297434
251 2 100.79023685595813 48.73322508625472
251 3 150.77927194180558 34.90515132224284
251 5 14.373041098494825 56.297252757529364
251 6 150.69443409507224 40.28904169876403
251 7 150.55920847107265 18.935348313640347
251 8 30.68867877215641 50.40137410841931
251 9 55.600898840122596 50.646532997713585
251 10 167.39433975755585 82.33036210732402
251 11 37.957961726582454 101.0059945928411
252 1 31.724147007221553 49.35813713297434
252 2 101.46796398629522 48.686170459410434
252 3 150.7792719418056 34.467650613177526
252 5 14.373041098494825 55.878296693789025
252 6 150.69443409507224 39.853657764583254
252 7 149.97928092204722 18.935348313640343
252 8 31.242741044738548 50.53197161021996
252 9 56.192622604980684 50.72927796382404
252 10 167.39433975755588 81.80409086362735
252 11 37.68739145039258 100.78876960557096
253 1 32.08446288919506 49.36244553297899
253 2 102.08544062358303 48.49991871387727
253 3 150.77927194180558 34.03014990411223
253 5 14.57956029406321 55.56076721032327
253 6 150.69443409507227 39.41827383040247
253 7 149.4072606298311 18.87330831625115
253 8 31.82456232558324 50.53197161021996
253 9 56.74803004116941 50.83980875257306
253 10 167.26856017991574 81.30404835291299
253 11 37.37667080014273 100.64323711056736
254 1 32.444779833838275 49.36658535885097
254 2 102.7829386834554 48.498540998305074
254 3 150.77927194180558 33.592649195046924
254 5 14.812791272227699 55.249418298282535
254 6 150.69443409507224 38.982889896221685
254 7 148.8400570538823 18.77347656985763
254 8 32.40638360642794 50.53197161021996
254 9 57.313392030055546 50.908608704817624
254 10 167.19187394238048 80.79376844012604
254 11 37.034890764113996 100.5531642427002
255 1 32.8051228754129 49.36658535885097
255 2 103.37381065331545 48.27858045534988
255 3 150.7792719418056 33.15514848598161
255 5 14.96275214193957 54.85822023987727
255 6 150.69443409507224 38.5475059620409
255 7 148.26012950485688 18.773476569857625
255 8 32.98820488727263 50.53197161021996
255 9 57.91172718627145 50.908608704817624
255 10 167.18048017091868 80.27020400410066
255 11 36.802011363919284 100.3329736475434
256 1 33.16546591698752 49.36658535885097
256 2 103.94659362015054 48.00406038693548
256 3 150.77927194180558 32.71764777691631
256 5 15.150561868671964 54.48645529093989
256 6 150.69443409507227 38.112122027860124
256 7 147.68020195583148 18.773476569857625
256 8 33.57002616811732 50.53197161021996
256 9 58.51006234248735 50.908608704817624
256 10 166.94378735343707 79.80016365254063
256 11 36.5981851914444 100.07769974972264
257 1 33.52580895856215 49.36658535885097
257 2 104.53427421610378 47.725304677391975
257 3 150.77927194180558 32.280147067851004
257 5 15.381078229564169 54.13661762757899
257 6 150.69443409507224 37.67673809367934
257 7 147.10559269790886 18.746187704629495
257 8 34.151847448962016 50.53197161021996
257 9 59.108397498703255 50.908608704817624
257 10 166.85679648785364 79.29455874773646
257 11 36.33282561121985 99.85413932693935
258 1 33.886152000136775 49.36658535885097
258 2 105.0900659641476 47.324364408274285
258 3 150.7792719418056 31.842646358785693
258 5 15.607013880932675 53.81412335994462
258 6 150.69443409507224 37.241354159498556
258 7 146.54885948114844 18.627174473687333
258 8 34.73366872980671 50.53197161021996
258 9 59.706732654919165 50.908608704817624
258 10 166.85679648785367 78.7682875040398
258 11 36.10053323221903 99.61226654338473
259 1 34.246495041711405 49.36658535885097
259 2 105.69538412803476 46.978224492674634
259 3 150.7792719418056 31.405145649720385
259 5 15.827229489508516 53.492338572918996
259 6 150.69443409507227 36.80597022531778
259 7 145.9738422897245 18.60197876998862
259 8 35.3154900106514 50.53197161021996
259 9 60.30506781113507 50.908608704817624
259 10 166.85679648785364 78.24201626034314
259 11 35.97817966794309 99.30951049292185
260 1 34.60683808328603 49.36658535885097
260 2 106.36570265319678 46.872599493566604
260 3 150.77927194180558 30.967644940655084
260 5 16.010026725383938 53.115364629653556
260 6 150.69443409507227 36.370586291136995
260 7 145.39391474069905 18.60197876998862
260 8 35.897311291496095 50.53197161021996
260 9 60.90340296735097 50.908608704817624
260 10 166.85679648785367 77.71574501664647
260 11 35.80838970189295 99.03757342927415
261 1 34.96718112486065 49.36658535885097
261 2 107.06379704755716 46.872599493566604
261 3 150.7792719418056 30.530144231589787
261 5 16.177016859884848 52.73164568673685
261 6 150.69443409507224 35.93520235695621
261 7 144.81398719167365 18.601978769988616
261 8 36.47913257234078 50.53197161021996
261 9 61.501738123566874 50.908608704817624
261 10 166.85679648785367 77.1894737729498
261 11 35.581480453550775 98.80274622940217
262 1 35.32752416643528 49.36658535885097
262 2 107.72503846913042 46.80365053700465
262 3 150.79783776873168 30.093363428835968
262 5 16.32269331670145 52.3388320499138
262 6 150.69443409507227 35.49981842277543
262 7 144.23405964264822 18.60197876998862
262 8 37.060953853185474 50.53197161021996
262 9 62.100073279782784 50.908608704817624
262 10 166.85679648785364 76.66320252925313
262 11 35.32093239437567 98.57796530458526
