#IDXCOL=2,DATACOL=1,SEP=' '
timeStep pedestrianId targetId-PID3
1 1 2002
1 2 2002
1 3 2003
1 4 2003
2 1 2002
2 2 2002
2 3 2003
2 4 2003
3 1 2002
3 2 2002
3 3 2003
3 4 2003
4 1 2002
4 2 2002
4 3 2003
4 4 2003
5 1 2002
5 2 2002
5 3 2003
5 4 2003
6 1 2002
6 2 2002
6 3 2003
6 4 2003
7 1 2002
7 2 2002
7 3 2003
7 4 2003
8 1 2002
8 2 2002
8 3 2003
8 4 2003
9 1 2002
9 2 2002
9 3 2003
9 4 2003
10 1 2002
10 2 2002
10 3 2003
10 4 2003
11 1 2002
11 2 2002
11 3 2003
11 4 2003
12 1 2002
12 2 2002
12 3 2003
12 4 2003
13 1 2002
13 2 2002
13 3 2003
13 4 2003
14 1 2002
14 2 2002
14 3 2003
14 4 2003
15 1 2002
15 2 2002
15 3 2003
15 4 2003
16 1 2002
16 2 2002
16 3 2003
16 4 2003
17 1 2002
17 2 2002
17 3 2003
17 4 2003
18 1 2002
18 2 2002
18 3 2003
18 4 2003
19 1 2002
19 2 2002
19 3 2003
19 4 2003
20 1 2002
20 2 2002
20 3 2003
20 4 2003
21 1 2002
21 2 2002
21 3 2003
21 4 2003
22 1 2002
22 2 2002
22 3 2003
22 4 2003
23 1 2002
23 2 2002
23 3 2003
23 4 2003
24 1 2002
24 2 2002
24 3 2003
24 4 2003
25 1 2002
25 2 2002
25 3 2003
25 4 2003
26 1 2002
26 2 2002
26 3 2003
26 4 2003
27 1 2002
27 2 2002
27 3 2003
27 4 2003
28 1 2002
28 2 2002
28 3 2003
28 4 2003
29 1 2002
29 2 2002
29 3 2003
29 4 2003
30 1 2002
30 2 2002
30 3 2003
30 4 2003
31 1 2002
31 2 2002
31 3 2003
31 4 2003
32 1 2002
32 2 2002
32 3 2003
32 4 2003
33 1 2002
33 2 2002
33 3 2003
33 4 2003
34 1 2002
34 2 2002
34 3 2003
34 4 2003
35 1 2002
35 2 2002
35 3 2003
35 4 2003
36 1 2002
36 2 2002
36 3 2003
36 4 2003
37 1 2002
37 2 2002
37 3 2003
37 4 2003
38 1 2002
38 2 2002
38 3 2003
38 4 2003
39 1 2002
39 2 2002
39 3 2003
39 4 2003
40 1 2002
40 2 2002
40 3 2003
40 4 2003
41 1 2002
41 2 2002
41 3 2003
41 4 2003
42 1 2002
42 2 2002
42 3 2003
42 4 2003
42 5 2002
43 1 2002
43 2 2002
43 3 2003
43 4 2003
43 5 2002
44 1 2002
44 2 2002
44 3 2003
44 4 2003
44 5 2002
45 1 2002
45 2 2002
45 3 2003
45 4 2003
45 5 2002
46 1 2002
46 2 2002
46 3 2003
46 4 2003
46 5 2002
47 1 2002
47 2 2002
47 3 2003
47 4 2003
47 5 2002
48 1 2002
48 2 2002
48 3 2003
48 4 2003
48 5 2002
49 1 2002
49 2 2002
49 3 2003
49 4 2003
49 5 2002
50 1 2002
50 2 2002
50 3 2003
50 4 2003
50 5 2002
51 1 2002
51 2 2002
51 3 2003
51 4 2003
51 5 2002
52 1 2002
52 2 2002
52 3 2003
52 4 2003
52 5 2002
53 1 2002
53 2 2002
53 3 2003
53 4 2003
53 5 2002
54 1 2002
54 2 2002
54 3 2003
54 4 2003
54 5 2002
55 1 2002
55 2 2002
55 3 2003
55 4 2003
55 5 2002
56 1 2002
56 2 2002
56 3 2003
56 4 2003
56 5 2002
57 1 2002
57 2 2002
57 3 2003
57 4 2003
57 5 2002
58 1 2002
58 2 2002
58 3 2003
58 4 2003
58 5 2002
59 1 2002
59 2 2002
59 3 2003
59 4 2003
59 5 2002
60 1 2002
60 2 2002
60 3 2003
60 4 2003
60 5 2002
61 1 2002
61 2 2002
61 3 2003
61 4 2003
61 5 2002
62 1 2002
62 2 2002
62 3 2003
62 4 2003
62 5 2002
63 1 2002
63 2 2002
63 3 2003
63 4 2003
63 5 2002
64 1 2002
64 2 2002
64 3 2003
64 4 2003
64 5 2002
65 1 2002
65 2 2002
65 3 2003
65 4 2003
65 5 2002
66 1 2002
66 2 2002
66 3 2003
66 4 2003
66 5 2002
66 6 2003
67 1 2002
67 2 2002
67 3 2003
67 4 2003
67 5 2002
67 6 2003
68 1 2002
68 2 2002
68 3 2003
68 4 2003
68 5 2002
68 6 2003
68 7 2003
69 1 2002
69 2 2002
69 3 2003
69 4 2003
69 5 2002
69 6 2003
69 7 2003
70 1 2002
70 2 2002
70 3 2003
70 4 2003
70 5 2002
70 6 2003
70 7 2003
71 1 2002
71 2 2002
71 3 2003
71 4 2003
71 5 2002
71 6 2003
71 7 2003
72 1 2002
72 2 2002
72 3 2003
72 4 2003
72 5 2002
72 6 2003
72 7 2003
73 1 2002
73 2 2002
73 3 2003
73 4 2003
73 5 2002
73 6 2003
73 7 2003
74 1 2002
74 2 2002
74 3 2003
74 4 2003
74 5 2002
74 6 2003
74 7 2003
75 1 2002
75 2 2002
75 3 2003
75 4 2003
75 5 2002
75 6 2003
75 7 2003
76 1 2002
76 2 2002
76 3 2003
76 4 2003
76 5 2002
76 6 2003
76 7 2003
77 1 2002
77 2 2002
77 3 2003
77 4 2003
77 5 2002
77 6 2003
77 7 2003
78 1 2002
78 2 2002
78 3 2003
78 4 2003
78 5 2002
78 6 2003
78 7 2003
79 1 2002
79 2 2002
79 3 2003
79 4 2003
79 5 2002
79 6 2003
79 7 2003
80 1 2002
80 2 2002
80 3 2003
80 4 2003
80 5 2002
80 6 2003
80 7 2003
81 1 2002
81 2 2002
81 3 2003
81 4 2003
81 5 2002
81 6 2003
81 7 2003
82 1 2002
82 2 2002
82 3 2003
82 4 2003
82 5 2002
82 6 2003
82 7 2003
83 1 2002
83 2 2002
83 3 2003
83 4 2003
83 5 2002
83 6 2003
83 7 2003
84 1 2002
84 2 2002
84 3 2003
84 4 2003
84 5 2002
84 6 2003
84 7 2003
85 1 2002
85 2 2002
85 3 2003
85 4 2003
85 5 2002
85 6 2003
85 7 2003
86 1 2002
86 2 2002
86 3 2003
86 4 2003
86 5 2002
86 6 2003
86 7 2003
87 1 2002
87 2 2002
87 3 2003
87 4 2003
87 5 2002
87 6 2003
87 7 2003
88 1 2002
88 2 2002
88 3 2003
88 4 2003
88 5 2002
88 6 2003
88 7 2003
89 1 2002
89 2 2002
89 3 2003
89 4 2003
89 5 2002
89 6 2003
89 7 2003
90 1 2002
90 2 2002
90 3 2003
90 4 2003
90 5 2002
90 6 2003
90 7 2003
91 1 2002
91 2 2002
91 3 2003
91 4 2003
91 5 2002
91 6 2003
91 7 2003
92 1 2002
92 2 2002
92 3 2003
92 4 2003
92 5 2002
92 6 2003
92 7 2003
93 1 2002
93 2 2002
93 3 2003
93 4 2003
93 5 2002
93 6 2003
93 7 2003
94 1 2002
94 2 2002
94 3 2003
94 4 2003
94 5 2002
94 6 2003
94 7 2003
95 1 2002
95 2 2002
95 3 2003
95 4 2003
95 5 2002
95 6 2003
95 7 2003
96 1 2002
96 2 2002
96 3 2003
96 4 2003
96 5 2002
96 6 2003
96 7 2003
97 1 2002
97 2 2002
97 3 2003
97 4 2003
97 5 2002
97 6 2003
97 7 2003
98 1 2002
98 2 2002
98 3 2003
98 4 2003
98 5 2002
98 6 2003
98 7 2003
99 1 2002
99 2 2002
99 3 2003
99 4 2003
99 5 2002
99 6 2003
99 7 2003
100 1 2002
100 2 2002
100 3 2003
100 4 2003
100 5 2002
100 6 2003
100 7 2003
101 1 2002
101 2 2002
101 3 2003
101 4 2003
101 5 2002
101 6 2003
101 7 2003
102 1 2002
102 2 2002
102 3 2003
102 4 2003
102 5 2002
102 6 2003
102 7 2003
102 8 2002
103 1 2002
103 2 2002
103 3 2003
103 4 2003
103 5 2002
103 6 2003
103 7 2003
103 8 2002
104 1 2002
104 2 2002
104 3 2003
104 4 2003
104 5 2002
104 6 2003
104 7 2003
104 8 2002
105 1 2002
105 2 2002
105 3 2003
105 4 2003
105 5 2002
105 6 2003
105 7 2003
105 8 2002
106 1 2002
106 2 2002
106 3 2003
106 4 2003
106 5 2002
106 6 2003
106 7 2003
106 8 2002
107 1 2002
107 2 2002
107 3 2003
107 4 2003
107 5 2002
107 6 2003
107 7 2003
107 8 2002
107 9 2002
108 1 2002
108 2 2002
108 3 2003
108 4 2003
108 5 2002
108 6 2003
108 7 2003
108 8 2002
108 9 2002
109 1 2002
109 2 2002
109 3 2003
109 4 2003
109 5 2002
109 6 2003
109 7 2003
109 8 2002
109 9 2002
110 1 2002
110 2 2002
110 3 2003
110 4 2003
110 5 2002
110 6 2003
110 7 2003
110 8 2002
110 9 2002
111 1 2002
111 2 2002
111 3 2003
111 4 2003
111 5 2002
111 6 2003
111 7 2003
111 8 2002
111 9 2002
112 1 2002
112 2 2002
112 3 2003
112 4 2003
112 5 2002
112 6 2003
112 7 2003
112 8 2002
112 9 2002
113 1 2002
113 2 2002
113 3 2003
113 4 2003
113 5 2002
113 6 2003
113 7 2003
113 8 2002
113 9 2002
114 1 2002
114 2 2002
114 3 2003
114 4 2003
114 5 2002
114 6 2003
114 7 2003
114 8 2002
114 9 2002
115 1 2002
115 2 2002
115 3 2003
115 4 2003
115 5 2002
115 6 2003
115 7 2003
115 8 2002
115 9 2002
116 1 2002
116 2 2002
116 3 2003
116 4 2003
116 5 2002
116 6 2003
116 7 2003
116 8 2002
116 9 2002
117 1 2002
117 2 2002
117 3 2003
117 4 2003
117 5 2002
117 6 2003
117 7 2003
117 8 2002
117 9 2002
118 1 2002
118 2 2002
118 3 2003
118 4 2003
118 5 2002
118 6 2003
118 7 2003
118 8 2002
118 9 2002
119 1 2002
119 2 2002
119 3 2003
119 4 2003
119 5 2002
119 6 2003
119 7 2003
119 8 2002
119 9 2002
120 1 2002
120 2 2002
120 3 2003
120 4 2003
120 5 2002
120 6 2003
120 7 2003
120 8 2002
120 9 2002
121 1 2002
121 2 2002
121 3 2003
121 4 2003
121 5 2002
121 6 2003
121 7 2003
121 8 2002
121 9 2002
122 1 2002
122 2 2002
122 3 2003
122 4 2003
122 5 2002
122 6 2003
122 7 2003
122 8 2002
122 9 2002
123 1 2002
123 2 2002
123 3 2003
123 4 2003
123 5 2002
123 6 2003
123 7 2003
123 8 2002
123 9 2002
124 1 2002
124 2 2002
124 3 2003
124 4 2003
124 5 2002
124 6 2003
124 7 2003
124 8 2002
124 9 2002
125 1 2002
125 2 2002
125 3 2003
125 4 2003
125 5 2002
125 6 2003
125 7 2003
125 8 2002
125 9 2002
126 1 2002
126 2 2002
126 3 2003
126 4 2003
126 5 2002
126 6 2003
126 7 2003
126 8 2002
126 9 2002
127 1 2002
127 2 2002
127 3 2003
127 4 2003
127 5 2002
127 6 2003
127 7 2003
127 8 2002
127 9 2002
128 1 2002
128 2 2002
128 3 2003
128 4 2003
128 5 2002
128 6 2003
128 7 2003
128 8 2002
128 9 2002
129 1 2002
129 2 2002
129 3 2003
129 4 2003
129 5 2002
129 6 2003
129 7 2003
129 8 2002
129 9 2002
130 1 2002
130 2 2002
130 3 2003
130 4 2003
130 5 2002
130 6 2003
130 7 2003
130 8 2002
130 9 2002
131 1 2002
131 2 2003
131 3 2003
131 4 2003
131 5 2002
131 6 2003
131 7 2003
131 8 2002
131 9 2002
132 1 2002
132 2 2003
132 3 2003
132 4 2003
132 5 2002
132 6 2003
132 7 2003
132 8 2002
132 9 2002
133 1 2002
133 2 2003
133 3 2003
133 4 2003
133 5 2002
133 6 2003
133 7 2003
133 8 2002
133 9 2002
134 1 2002
134 2 2003
134 3 2003
134 4 2003
134 5 2002
134 6 2003
134 7 2003
134 8 2002
134 9 2002
135 1 2002
135 2 2003
135 3 2003
135 4 2003
135 5 2002
135 6 2003
135 7 2003
135 8 2002
135 9 2002
136 1 2002
136 2 2003
136 3 2003
136 4 2003
136 5 2002
136 6 2003
136 7 2003
136 8 2002
136 9 2002
137 1 2002
137 2 2003
137 3 2003
137 4 2003
137 5 2002
137 6 2003
137 7 2003
137 8 2002
137 9 2002
138 1 2002
138 2 2003
138 3 2003
138 4 2003
138 5 2002
138 6 2003
138 7 2003
138 8 2002
138 9 2002
139 1 2002
139 2 2003
139 3 2003
139 4 2003
139 5 2002
139 6 2003
139 7 2003
139 8 2002
139 9 2002
140 1 2002
140 2 2003
140 3 2003
140 4 2003
140 5 2002
140 6 2003
140 7 2003
140 8 2002
140 9 2002
141 1 2002
141 2 2003
141 3 2003
141 4 2003
141 5 2002
141 6 2003
141 7 2003
141 8 2002
141 9 2002
142 1 2002
142 2 2003
142 3 2003
142 4 2003
142 5 2002
142 6 2003
142 7 2003
142 8 2002
142 9 2002
143 1 2002
143 2 2003
143 3 2003
143 4 2003
143 5 2002
143 6 2003
143 7 2003
143 8 2002
143 9 2002
144 1 2002
144 2 2003
144 3 2003
144 4 2003
144 5 2002
144 6 2003
144 7 2003
144 8 2002
144 9 2002
145 1 2002
145 2 2003
145 3 2003
145 4 2003
145 5 2002
145 6 2003
145 7 2003
145 8 2002
145 9 2002
146 1 2002
146 2 2003
146 3 2003
146 4 2003
146 5 2002
146 6 2003
146 7 2003
146 8 2002
146 9 2002
147 1 2002
147 2 2003
147 3 2003
147 4 2003
147 5 2002
147 6 2003
147 7 2003
147 8 2002
147 9 2002
148 1 2002
148 2 2003
148 3 2003
148 4 2003
148 5 2002
148 6 2003
148 7 2003
148 8 2002
148 9 2002
149 1 2002
149 2 2003
149 3 2003
149 4 2003
149 5 2002
149 6 2003
149 7 2003
149 8 2002
149 9 2002
150 1 2002
150 2 2003
150 3 2003
150 4 2001
150 5 2002
150 6 2003
150 7 2003
150 8 2002
150 9 2002
151 1 2002
151 2 2003
151 3 2003
151 4 2001
151 5 2002
151 6 2003
151 7 2003
151 8 2002
151 9 2002
152 1 2002
152 2 2003
152 3 2003
152 4 2001
152 5 2002
152 6 2003
152 7 2003
152 8 2002
152 9 2002
153 1 2002
153 2 2003
153 3 2003
153 4 2001
153 5 2002
153 6 2003
153 7 2003
153 8 2002
153 9 2002
154 1 2002
154 2 2003
154 3 2003
154 4 2001
154 5 2002
154 6 2003
154 7 2003
154 8 2002
154 9 2002
155 1 2002
155 2 2003
155 3 2003
155 4 2001
155 5 2002
155 6 2003
155 7 2003
155 8 2002
155 9 2002
156 1 2002
156 2 2003
156 3 2003
156 4 2001
156 5 2002
156 6 2003
156 7 2003
156 8 2002
156 9 2002
157 1 2002
157 2 2003
157 3 2003
157 4 2001
157 5 2002
157 6 2003
157 7 2003
157 8 2002
157 9 2002
158 1 2002
158 2 2003
158 3 2003
158 4 2001
158 5 2002
158 6 2003
158 7 2003
158 8 2002
158 9 2002
159 1 2002
159 2 2003
159 3 2003
159 4 2001
159 5 2002
159 6 2003
159 7 2003
159 8 2002
159 9 2002
160 1 2002
160 2 2003
160 3 2003
160 4 2001
160 5 2002
160 6 2003
160 7 2003
160 8 2002
160 9 2002
161 1 2002
161 2 2003
161 3 2003
161 4 2001
161 5 2002
161 6 2003
161 7 2003
161 8 2002
161 9 2002
162 1 2002
162 2 2003
162 3 2003
162 4 2001
162 5 2002
162 6 2003
162 7 2003
162 8 2002
162 9 2002
163 1 2002
163 2 2003
163 3 2003
163 4 2001
163 5 2002
163 6 2003
163 7 2003
163 8 2002
163 9 2002
164 1 2002
164 2 2003
164 3 2003
164 4 2001
164 5 2002
164 6 2003
164 7 2003
164 8 2002
164 9 2002
165 1 2002
165 2 2003
165 3 2003
165 4 2001
165 5 2002
165 6 2003
165 7 2003
165 8 2002
165 9 2002
166 1 2002
166 2 2003
166 3 2003
166 4 2001
166 5 2002
166 6 2003
166 7 2003
166 8 2002
166 9 2002
167 1 2002
167 2 2003
167 3 2003
167 4 2001
167 5 2002
167 6 2003
167 7 2003
167 8 2002
167 9 2002
168 1 2002
168 2 2003
168 3 2003
168 4 2001
168 5 2002
168 6 2003
168 7 2003
168 8 2002
168 9 2002
169 1 2002
169 2 2003
169 3 2003
169 4 2001
169 5 2002
169 6 2003
169 7 2003
169 8 2002
169 9 2002
170 1 2002
170 2 2003
170 3 2003
170 4 2001
170 5 2002
170 6 2003
170 7 2003
170 8 2002
170 9 2002
171 1 2002
171 2 2003
171 3 2003
171 4 2001
171 5 2002
171 6 2003
171 7 2003
171 8 2002
171 9 2002
172 1 2002
172 2 2003
172 3 2003
172 4 2001
172 5 2002
172 6 2003
172 7 2003
172 8 2002
172 9 2002
173 1 2002
173 2 2003
173 3 2003
173 4 2001
173 5 2002
173 6 2003
173 7 2003
173 8 2002
173 9 2002
174 1 2002
174 2 2003
174 3 2003
174 4 2001
174 5 2002
174 6 2003
174 7 2003
174 8 2002
174 9 2002
175 1 2002
175 2 2003
175 3 2003
175 4 2001
175 5 2002
175 6 2003
175 7 2003
175 8 2002
175 9 2002
176 1 2002
176 2 2003
176 3 2003
176 4 2001
176 5 2002
176 6 2003
176 7 2003
176 8 2002
176 9 2002
177 1 2002
177 2 2003
177 3 2003
177 4 2001
177 5 2002
177 6 2003
177 7 2003
177 8 2002
177 9 2002
178 1 2002
178 2 2003
178 3 2003
178 4 2001
178 5 2002
178 6 2003
178 7 2003
178 8 2002
178 9 2002
179 1 2002
179 2 2003
179 3 2003
179 4 2001
179 5 2002
179 6 2003
179 7 2003
179 8 2002
179 9 2002
180 1 2002
180 2 2003
180 3 2003
180 4 2001
180 5 2002
180 6 2003
180 7 2003
180 8 2002
180 9 2002
181 1 2002
181 2 2003
181 3 2003
181 4 2001
181 5 2002
181 6 2003
181 7 2003
181 8 2002
181 9 2002
182 1 2002
182 2 2003
182 3 2003
182 4 2001
182 5 2002
182 6 2003
182 7 2003
182 8 2002
182 9 2002
183 1 2002
183 2 2003
183 3 2003
183 4 2001
183 5 2002
183 6 2003
183 7 2003
183 8 2002
183 9 2002
184 1 2002
184 2 2003
184 3 2003
184 4 2001
184 5 2002
184 6 2003
184 7 2003
184 8 2002
184 9 2002
185 1 2002
185 2 2003
185 3 2003
185 4 2001
185 5 2002
185 6 2003
185 7 2003
185 8 2002
185 9 2002
186 1 2002
186 2 2003
186 3 2003
186 4 2001
186 5 2002
186 6 2003
186 7 2003
186 8 2002
186 9 2002
187 1 2002
187 2 2003
187 3 2003
187 4 2001
187 5 2002
187 6 2003
187 7 2003
187 8 2002
187 9 2002
187 10 2003
188 1 2002
188 2 2003
188 3 2003
188 4 2001
188 5 2002
188 6 2003
188 7 2003
188 8 2002
188 9 2002
188 10 2003
189 1 2002
189 2 2003
189 3 2003
189 4 2001
189 5 2002
189 6 2003
189 7 2003
189 8 2002
189 9 2002
189 10 2003
190 1 2002
190 2 2003
190 3 2003
190 4 2001
190 5 2002
190 6 2003
190 7 2003
190 8 2002
190 9 2002
190 10 2003
191 1 2002
191 2 2003
191 3 2003
191 4 2001
191 5 2002
191 6 2003
191 7 2003
191 8 2002
191 9 2002
191 10 2003
192 1 2002
192 2 2003
192 3 2003
192 4 2001
192 5 2002
192 6 2003
192 7 2003
192 8 2002
192 9 2002
192 10 2003
192 11 2002
193 1 2002
193 2 2003
193 3 2003
193 4 2001
193 5 2002
193 6 2003
193 7 2003
193 8 2002
193 9 2002
193 10 2003
193 11 2002
194 1 2002
194 2 2003
194 3 2003
194 4 2001
194 5 2002
194 6 2003
194 7 2003
194 8 2002
194 9 2002
194 10 2003
194 11 2002
195 1 2002
195 2 2003
195 3 2003
195 4 2001
195 5 2002
195 6 2003
195 7 2003
195 8 2002
195 9 2002
195 10 2003
195 11 2002
196 1 2002
196 2 2003
196 3 2003
196 4 2001
196 5 2002
196 6 2003
196 7 2003
196 8 2002
196 9 2002
196 10 2003
196 11 2002
197 1 2002
197 2 2003
197 3 2003
197 4 2001
197 5 2002
197 6 2003
197 7 2003
197 8 2002
197 9 2002
197 10 2003
197 11 2002
198 1 2002
198 2 2003
198 3 2003
198 4 2001
198 5 2002
198 6 2003
198 7 2003
198 8 2002
198 9 2002
198 10 2003
198 11 2002
199 1 2002
199 2 2003
199 3 2003
199 4 2001
199 5 2002
199 6 2003
199 7 2003
199 8 2002
199 9 2002
199 10 2003
199 11 2002
200 1 2002
200 2 2003
200 3 2003
200 4 2001
200 5 2002
200 6 2003
200 7 2003
200 8 2002
200 9 2002
200 10 2003
200 11 2002
201 1 2002
201 2 2003
201 3 2003
201 4 2001
201 5 2002
201 6 2003
201 7 2003
201 8 2002
201 9 2002
201 10 2003
201 11 2002
202 1 2002
202 2 2003
202 3 2003
202 4 2001
202 5 2002
202 6 2003
202 7 2003
202 8 2002
202 9 2002
202 10 2003
202 11 2002
203 1 2002
203 2 2003
203 3 2003
203 4 2001
203 5 2002
203 6 2003
203 7 2003
203 8 2002
203 9 2002
203 10 2003
203 11 2002
204 1 2002
204 2 2003
204 3 2003
204 4 2001
204 5 2002
204 6 2003
204 7 2003
204 8 2002
204 9 2002
204 10 2003
204 11 2002
205 1 2002
205 2 2003
205 3 2003
205 4 2001
205 5 2002
205 6 2003
205 7 2003
205 8 2002
205 9 2002
205 10 2003
205 11 2002
206 1 2002
206 2 2003
206 3 2003
206 4 2001
206 5 2002
206 6 2003
206 7 2003
206 8 2002
206 9 2002
206 10 2003
206 11 2002
207 1 2002
207 2 2003
207 3 2003
207 4 2001
207 5 2002
207 6 2003
207 7 2003
207 8 2002
207 9 2002
207 10 2003
207 11 2002
208 1 2002
208 2 2003
208 3 2003
208 4 2001
208 5 2002
208 6 2003
208 7 2003
208 8 2002
208 9 2002
208 10 2003
208 11 2002
209 1 2002
209 2 2003
209 3 2003
209 4 2001
209 5 2002
209 6 2003
209 7 2003
209 8 2002
209 9 2002
209 10 2003
209 11 2002
210 1 2002
210 2 2003
210 3 2003
210 4 2001
210 5 2002
210 6 2003
210 7 2003
210 8 2002
210 9 2002
210 10 2003
210 11 2002
211 1 2002
211 2 2003
211 3 2003
211 4 2001
211 5 2002
211 6 2003
211 7 2003
211 8 2002
211 9 2002
211 10 2003
211 11 2002
212 1 2002
212 2 2003
212 3 2003
212 4 2001
212 5 2002
212 6 2003
212 7 2003
212 8 2002
212 9 2002
212 10 2003
212 11 2002
213 1 2002
213 2 2003
213 3 2003
213 4 2001
213 5 2002
213 6 2003
213 7 2003
213 8 2002
213 9 2002
213 10 2003
213 11 2002
214 1 2003
214 2 2003
214 3 2003
214 4 2001
214 5 2002
214 6 2003
214 7 2003
214 8 2002
214 9 2002
214 10 2003
214 11 2002
215 1 2003
215 2 2003
215 3 2003
215 4 2001
215 5 2002
215 6 2003
215 7 2003
215 8 2002
215 9 2002
215 10 2003
215 11 2002
216 1 2003
216 2 2003
216 3 2003
216 4 2001
216 5 2002
216 6 2003
216 7 2003
216 8 2002
216 9 2002
216 10 2003
216 11 2002
217 1 2003
217 2 2003
217 3 2003
217 4 2001
217 5 2002
217 6 2003
217 7 2003
217 8 2002
217 9 2002
217 10 2003
217 11 2002
218 1 2003
218 2 2003
218 3 2003
218 4 2001
218 5 2002
218 6 2003
218 7 2003
218 8 2002
218 9 2002
218 10 2003
218 11 2002
219 1 2003
219 2 2003
219 3 2003
219 4 2001
219 5 2002
219 6 2003
219 7 2003
219 8 2002
219 9 2002
219 10 2003
219 11 2002
220 1 2003
220 2 2003
220 3 2003
220 4 2001
220 5 2002
220 6 2003
220 7 2003
220 8 2002
220 9 2002
220 10 2003
220 11 2002
221 1 2003
221 2 2003
221 3 2003
221 4 2001
221 5 2002
221 6 2003
221 7 2003
221 8 2002
221 9 2002
221 10 2003
221 11 2002
222 1 2003
222 2 2003
222 3 2003
222 4 2001
222 5 2002
222 6 2003
222 7 2003
222 8 2002
222 9 2002
222 10 2003
222 11 2002
223 1 2003
223 2 2003
223 3 2003
223 4 2001
223 5 2002
223 6 2003
223 7 2003
223 8 2002
223 9 2002
223 10 2003
223 11 2002
224 1 2003
224 2 2003
224 3 2003
224 4 2001
224 5 2002
224 6 2003
224 7 2003
224 8 2002
224 9 2002
224 10 2003
224 11 2002
225 1 2003
225 2 2003
225 3 2003
225 4 2001
225 5 2002
225 6 2003
225 7 2003
225 8 2002
225 9 2002
225 10 2003
225 11 2002
226 1 2003
226 2 2003
226 3 2003
226 4 2001
226 5 2002
226 6 2003
226 7 2003
226 8 2002
226 9 2002
226 10 2003
226 11 2002
227 1 2003
227 2 2003
227 3 2003
227 4 2001
227 5 2002
227 6 2003
227 7 2003
227 8 2002
227 9 2002
227 10 2003
227 11 2002
228 1 2003
228 2 2003
228 3 2003
228 4 2001
228 5 2002
228 6 2003
228 7 2003
228 8 2002
228 9 2002
228 10 2003
228 11 2002
229 1 2003
229 2 2003
229 3 2003
229 4 2001
229 5 2002
229 6 2003
229 7 2003
229 8 2003
229 9 2002
229 10 2003
229 11 2002
230 1 2003
230 2 2003
230 3 2003
230 4 2001
230 5 2002
230 6 2003
230 7 2003
230 8 2003
230 9 2002
230 10 2003
230 11 2002
231 1 2003
231 2 2003
231 3 2003
231 4 2001
231 5 2002
231 6 2003
231 7 2003
231 8 2003
231 9 2002
231 10 2003
231 11 2002
232 1 2003
232 2 2003
232 3 2003
232 4 2001
232 5 2002
232 6 2003
232 7 2003
232 8 2003
232 9 2002
232 10 2003
232 11 2002
233 1 2003
233 2 2003
233 3 2003
233 4 2001
233 5 2002
233 6 2003
233 7 2003
233 8 2003
233 9 2002
233 10 2003
233 11 2002
234 1 2003
234 2 2003
234 3 2003
234 4 2001
234 5 2002
234 6 2003
234 7 2003
234 8 2003
234 9 2002
234 10 2003
234 11 2002
235 1 2003
235 2 2003
235 3 2003
235 4 2001
235 5 2002
235 6 2003
235 7 2003
235 8 2003
235 9 2002
235 10 2003
235 11 2002
236 1 2003
236 2 2003
236 3 2003
236 4 2001
236 5 2002
236 6 2003
236 7 2003
236 8 2003
236 9 2002
236 10 2003
236 11 2002
237 1 2003
237 2 2003
237 3 2003
237 5 2002
237 6 2003
237 7 2003
237 8 2003
237 9 2002
237 10 2003
237 11 2002
238 1 2003
238 2 2003
238 3 2003
238 5 2002
238 6 2003
238 7 2001
238 8 2003
238 9 2002
238 10 2003
238 11 2002
239 1 2003
239 2 2003
239 3 2003
239 5 2002
239 6 2003
239 7 2001
239 8 2003
239 9 2002
239 10 2003
239 11 2002
240 1 2003
240 2 2003
240 3 2003
240 5 2002
240 6 2003
240 7 2001
240 8 2003
240 9 2002
240 10 2003
240 11 2002
241 1 2003
241 2 2003
241 3 2003
241 5 2002
241 6 2003
241 7 2001
241 8 2003
241 9 2002
241 10 2003
241 11 2002
242 1 2003
242 2 2003
242 3 2003
242 5 2002
242 6 2003
242 7 2001
242 8 2003
242 9 2002
242 10 2003
242 11 2002
243 1 2003
243 2 2003
243 3 2003
243 5 2002
243 6 2003
243 7 2001
243 8 2003
243 9 2002
243 10 2003
243 11 2002
244 1 2003
244 2 2003
244 3 2003
244 5 2002
244 6 2003
244 7 2001
244 8 2003
244 9 2003
244 10 2003
244 11 2002
245 1 2003
245 2 2003
245 3 2003
245 5 2002
245 6 2003
245 7 2001
245 8 2003
245 9 2003
245 10 2003
245 11 2002
246 1 2003
246 2 2003
246 3 2003
246 5 2002
246 6 2003
246 7 2001
246 8 2003
246 9 2003
246 10 2003
246 11 2002
247 1 2003
247 2 2003
247 3 2003
247 5 2002
247 6 2003
247 7 2001
247 8 2003
247 9 2003
247 10 2003
247 11 2002
248 1 2003
248 2 2003
248 3 2003
248 5 2002
248 6 2003
248 7 2001
248 8 2003
248 9 2003
248 10 2003
248 11 2002
249 1 2003
249 2 2003
249 3 2003
249 5 2002
249 6 2003
249 7 2001
249 8 2003
249 9 2003
249 10 2003
249 11 2002
250 1 2003
250 2 2003
250 3 2003
250 5 2002
250 6 2003
250 7 2001
250 8 2003
250 9 2003
250 10 2003
250 11 2002
251 1 2003
251 2 2003
251 3 2003
251 5 2002
251 6 2003
251 7 2001
251 8 2003
251 9 2003
251 10 2003
251 11 2002
252 1 2003
252 2 2003
252 3 2003
252 5 2002
252 6 2003
252 7 2001
252 8 2003
252 9 2003
252 10 2003
252 11 2002
253 1 2003
253 2 2003
253 3 2003
253 5 2002
253 6 2003
253 7 2001
253 8 2003
253 9 2003
253 10 2003
253 11 2002
254 1 2003
254 2 2003
254 3 2003
254 5 2003
254 6 2003
254 7 2001
254 8 2003
254 9 2003
254 10 2003
254 11 2002
255 1 2003
255 2 2003
255 3 2003
255 5 2003
255 6 2003
255 7 2001
255 8 2003
255 9 2003
255 10 2003
255 11 2002
256 1 2003
256 2 2003
256 3 2003
256 5 2003
256 6 2003
256 7 2001
256 8 2003
256 9 2003
256 10 2003
256 11 2002
257 1 2003
257 2 2003
257 3 2003
257 5 2003
257 6 2003
257 7 2001
257 8 2003
257 9 2003
257 10 2003
257 11 2002
258 1 2003
258 2 2003
258 3 2003
258 5 2003
258 6 2003
258 7 2001
258 8 2003
258 9 2003
258 10 2003
258 11 2002
259 1 2003
259 2 2003
259 3 2003
259 5 2003
259 6 2003
259 7 2001
259 8 2003
259 9 2003
259 10 2003
259 11 2002
260 1 2003
260 2 2003
260 3 2003
260 5 2003
260 6 2003
260 7 2001
260 8 2003
260 9 2003
260 10 2003
260 11 2002
261 1 2003
261 2 2003
261 3 2003
261 5 2003
261 6 2003
261 7 2001
261 8 2003
261 9 2003
261 10 2003
261 11 2002
262 1 2003
262 2 2003
262 3 2003
262 5 2003
262 6 2003
262 7 2001
262 8 2003
262 9 2003
262 10 2003
262 11 2002
263 1 2003
263 2 2003
263 3 2003
263 5 2003
263 6 2003
263 7 2001
263 8 2003
263 9 2003
263 10 2003
263 11 2002
264 1 2003
264 2 2003
264 3 2003
264 5 2003
264 6 2003
264 7 2001
264 8 2003
264 9 2003
264 10 2003
264 11 2002
265 1 2003
265 2 2003
265 3 2003
265 5 2003
265 6 2003
265 7 2001
265 8 2003
265 9 2003
265 10 2003
265 11 2002
266 1 2003
266 2 2003
266 3 2003
266 5 2003
266 6 2003
266 7 2001
266 8 2003
266 9 2003
266 10 2003
266 11 2002
267 1 2003
267 2 2003
267 3 2003
267 5 2003
267 6 2003
267 7 2001
267 8 2003
267 9 2003
267 10 2003
267 11 2002
268 1 2003
268 2 2003
268 3 2003
268 5 2003
268 6 2003
268 7 2001
268 8 2003
268 9 2003
268 10 2003
268 11 2002
269 1 2003
269 2 2003
269 3 2003
269 5 2003
269 6 2003
269 7 2001
269 8 2003
269 9 2003
269 10 2003
269 11 2002
270 1 2003
270 2 2003
270 3 2003
270 5 2003
270 6 2003
270 7 2001
270 8 2003
270 9 2003
270 10 2003
270 11 2002
271 1 2003
271 2 2003
271 3 2003
271 5 2003
271 6 2003
271 7 2001
271 8 2003
271 9 2003
271 10 2003
271 11 2002
272 1 2003
272 2 2003
272 3 2003
272 5 2003
272 6 2003
272 7 2001
272 8 2003
272 9 2003
272 10 2003
272 11 2002
273 1 2003
273 2 2003
273 3 2003
273 5 2003
273 6 2003
273 7 2001
273 8 2003
273 9 2003
273 10 2003
273 11 2002
274 1 2003
274 2 2003
274 3 2003
274 5 2003
274 6 2003
274 7 2001
274 8 2003
274 9 2003
274 10 2003
274 11 2002
274 12 2003
275 1 2003
275 2 2003
275 3 2003
275 5 2003
275 6 2003
275 7 2001
275 8 2003
275 9 2003
275 10 2003
275 11 2002
275 12 2003
276 1 2003
276 2 2003
276 3 2003
276 5 2003
276 6 2003
276 7 2001
276 8 2003
276 9 2003
276 10 2003
276 11 2002
276 12 2003
277 1 2003
277 2 2003
277 3 2003
277 5 2003
277 6 2003
277 7 2001
277 8 2003
277 9 2003
277 10 2003
277 11 2002
277 12 2003
278 1 2003
278 2 2003
278 3 2003
278 5 2003
278 6 2003
278 7 2001
278 8 2003
278 9 2003
278 10 2003
278 11 2002
278 12 2003
279 1 2003
279 2 2003
279 3 2003
279 5 2003
279 6 2003
279 7 2001
279 8 2003
279 9 2003
279 10 2003
279 11 2003
279 12 2003
280 1 2003
280 2 2003
280 3 2003
280 5 2003
280 6 2003
280 7 2001
280 8 2003
280 9 2003
280 10 2003
280 11 2003
280 12 2003
281 1 2003
281 2 2003
281 3 2003
281 5 2003
281 6 2003
281 7 2001
281 8 2003
281 9 2003
281 10 2003
281 11 2003
281 12 2003
282 1 2003
282 2 2003
282 3 2001
282 5 2003
282 6 2003
282 7 2001
282 8 2003
282 9 2003
282 10 2003
282 11 2003
282 12 2003
283 1 2003
283 2 2003
283 3 2001
283 5 2003
283 6 2003
283 7 2001
283 8 2003
283 9 2003
283 10 2003
283 11 2003
283 12 2003
284 1 2003
284 2 2003
284 3 2001
284 5 2003
284 6 2003
284 7 2001
284 8 2003
284 9 2003
284 10 2003
284 11 2003
284 12 2003
285 1 2003
285 2 2003
285 3 2001
285 5 2003
285 6 2003
285 7 2001
285 8 2003
285 9 2003
285 10 2003
285 11 2003
285 12 2003
286 1 2003
286 2 2003
286 3 2001
286 5 2003
286 6 2003
286 7 2001
286 8 2003
286 9 2003
286 10 2003
286 11 2003
286 12 2003
287 1 2003
287 2 2003
287 3 2001
287 5 2003
287 6 2003
287 7 2001
287 8 2003
287 9 2003
287 10 2003
287 11 2003
287 12 2003
288 1 2003
288 2 2003
288 3 2001
288 5 2003
288 6 2003
288 7 2001
288 8 2003
288 9 2003
288 10 2003
288 11 2003
288 12 2003
289 1 2003
289 2 2003
289 3 2001
289 5 2003
289 6 2003
289 7 2001
289 8 2003
289 9 2003
289 10 2003
289 11 2003
289 12 2003
290 1 2003
290 2 2003
290 3 2001
290 5 2003
290 6 2003
290 7 2001
290 8 2003
290 9 2003
290 10 2003
290 11 2003
290 12 2003
291 1 2003
291 2 2003
291 3 2001
291 5 2003
291 6 2003
291 7 2001
291 8 2003
291 9 2003
291 10 2003
291 11 2003
291 12 2003
292 1 2003
292 2 2003
292 3 2001
292 5 2003
292 6 2003
292 7 2001
292 8 2003
292 9 2003
292 10 2003
292 11 2003
292 12 2003
293 1 2003
293 2 2003
293 3 2001
293 5 2003
293 6 2001
293 7 2001
293 8 2003
293 9 2003
293 10 2003
293 11 2003
293 12 2003
294 1 2003
294 2 2003
294 3 2001
294 5 2003
294 6 2001
294 7 2001
294 8 2003
294 9 2003
294 10 2003
294 11 2003
294 12 2003
295 1 2003
295 2 2003
295 3 2001
295 5 2003
295 6 2001
295 7 2001
295 8 2003
295 9 2003
295 10 2003
295 11 2003
295 12 2003
296 1 2003
296 2 2003
296 3 2001
296 5 2003
296 6 2001
296 7 2001
296 8 2003
296 9 2003
296 10 2003
296 11 2003
296 12 2003
297 1 2003
297 2 2003
297 3 2001
297 5 2003
297 6 2001
297 7 2001
297 8 2003
297 9 2003
297 10 2003
297 11 2003
297 12 2003
298 1 2003
298 2 2003
298 3 2001
298 5 2003
298 6 2001
298 7 2001
298 8 2003
298 9 2003
298 10 2003
298 11 2003
298 12 2003
299 1 2003
299 2 2003
299 3 2001
299 5 2003
299 6 2001
299 7 2001
299 8 2003
299 9 2003
299 10 2003
299 11 2003
299 12 2003
300 1 2003
300 2 2003
300 3 2001
300 5 2003
300 6 2001
300 7 2001
300 8 2003
300 9 2003
300 10 2003
300 11 2003
300 12 2003
301 1 2003
301 2 2003
301 3 2001
301 5 2003
301 6 2001
301 7 2001
301 8 2003
301 9 2003
301 10 2003
301 11 2003
301 12 2003
302 1 2003
302 2 2003
302 3 2001
302 5 2003
302 6 2001
302 7 2001
302 8 2003
302 9 2003
302 10 2003
302 11 2003
302 12 2003
303 1 2003
303 2 2003
303 3 2001
303 5 2003
303 6 2001
303 7 2001
303 8 2003
303 9 2003
303 10 2003
303 11 2003
303 12 2003
304 1 2003
304 2 2003
304 3 2001
304 5 2003
304 6 2001
304 7 2001
304 8 2003
304 9 2003
304 10 2003
304 11 2003
304 12 2003
305 1 2003
305 2 2003
305 3 2001
305 5 2003
305 6 2001
305 7 2001
305 8 2003
305 9 2003
305 10 2003
305 11 2003
305 12 2003
306 1 2003
306 2 2003
306 3 2001
306 5 2003
306 6 2001
306 7 2001
306 8 2003
306 9 2003
306 10 2003
306 11 2003
306 12 2003
307 1 2003
307 2 2003
307 3 2001
307 5 2003
307 6 2001
307 7 2001
307 8 2003
307 9 2003
307 10 2003
307 11 2003
307 12 2003
308 1 2003
308 2 2003
308 3 2001
308 5 2003
308 6 2001
308 7 2001
308 8 2003
308 9 2003
308 10 2003
308 11 2003
308 12 2003
309 1 2003
309 2 2003
309 3 2001
309 5 2003
309 6 2001
309 7 2001
309 8 2003
309 9 2003
309 10 2003
309 11 2003
309 12 2003
310 1 2003
310 2 2003
310 3 2001
310 5 2003
310 6 2001
310 7 2001
310 8 2003
310 9 2003
310 10 2003
310 11 2003
310 12 2003
311 1 2003
311 2 2003
311 3 2001
311 5 2003
311 6 2001
311 7 2001
311 8 2003
311 9 2003
311 10 2003
311 11 2003
311 12 2003
312 1 2003
312 2 2003
312 3 2001
312 5 2003
312 6 2001
312 7 2001
312 8 2003
312 9 2003
312 10 2003
312 11 2003
312 12 2003
313 1 2003
313 2 2003
313 3 2001
313 5 2003
313 6 2001
313 7 2001
313 8 2003
313 9 2003
313 10 2003
313 11 2003
313 12 2003
314 1 2003
314 2 2003
314 3 2001
314 5 2003
314 6 2001
314 7 2001
314 8 2003
314 9 2003
314 10 2003
314 11 2003
314 12 2003
315 1 2003
315 2 2003
315 3 2001
315 5 2003
315 6 2001
315 7 2001
315 8 2003
315 9 2003
315 10 2003
315 11 2003
315 12 2003
316 1 2003
316 2 2003
316 3 2001
316 5 2003
316 6 2001
316 7 2001
316 8 2003
316 9 2003
316 10 2003
316 11 2003
316 12 2003
317 1 2003
317 2 2003
317 3 2001
317 5 2003
317 6 2001
317 7 2001
317 8 2003
317 9 2003
317 10 2003
317 11 2003
317 12 2003
318 1 2003
318 2 2003
318 3 2001
318 5 2003
318 6 2001
318 7 2001
318 8 2003
318 9 2003
318 10 2003
318 11 2003
318 12 2003
319 1 2003
319 2 2003
319 3 2001
319 5 2003
319 6 2001
319 7 2001
319 8 2003
319 9 2003
319 10 2003
319 11 2003
319 12 2003
320 1 2003
320 2 2003
320 3 2001
320 5 2003
320 6 2001
320 7 2001
320 8 2003
320 9 2003
320 10 2003
320 11 2003
320 12 2003
321 1 2003
321 2 2003
321 3 2001
321 5 2003
321 6 2001
321 7 2001
321 8 2003
321 9 2003
321 10 2003
321 11 2003
321 12 2003
322 1 2003
322 2 2003
322 3 2001
322 5 2003
322 6 2001
322 7 2001
322 8 2003
322 9 2003
322 10 2003
322 11 2003
322 12 2003
323 1 2003
323 2 2003
323 3 2001
323 5 2003
323 6 2001
323 7 2001
323 8 2003
323 9 2003
323 10 2003
323 11 2003
323 12 2003
324 1 2003
324 2 2003
324 3 2001
324 5 2003
324 6 2001
324 7 2001
324 8 2003
324 9 2003
324 10 2003
324 11 2003
324 12 2003
325 1 2003
325 2 2003
325 3 2001
325 5 2003
325 6 2001
325 7 2001
325 8 2003
325 9 2003
325 10 2003
325 11 2003
325 12 2003
326 1 2003
326 2 2003
326 3 2001
326 5 2003
326 6 2001
326 7 2001
326 8 2003
326 9 2003
326 10 2003
326 11 2003
326 12 2003
327 1 2003
327 2 2003
327 3 2001
327 5 2003
327 6 2001
327 7 2001
327 8 2003
327 9 2003
327 10 2003
327 11 2003
327 12 2003
328 1 2003
328 2 2003
328 3 2001
328 5 2003
328 6 2001
328 7 2001
328 8 2003
328 9 2003
328 10 2003
328 11 2003
328 12 2003
329 1 2003
329 2 2003
329 3 2001
329 5 2003
329 6 2001
329 7 2001
329 8 2003
329 9 2003
329 10 2003
329 11 2003
329 12 2003
330 1 2003
330 2 2003
330 3 2001
330 5 2003
330 6 2001
330 7 2001
330 8 2003
330 9 2003
330 10 2003
330 11 2003
330 12 2003
331 1 2003
331 2 2003
331 3 2001
331 5 2003
331 6 2001
331 7 2001
331 8 2003
331 9 2003
331 10 2003
331 11 2003
331 12 2003
331 13 2003
332 1 2003
332 2 2003
332 3 2001
332 5 2003
332 6 2001
332 7 2001
332 8 2003
332 9 2003
332 10 2003
332 11 2003
332 12 2003
332 13 2003
333 1 2003
333 2 2003
333 3 2001
333 5 2003
333 6 2001
333 7 2001
333 8 2003
333 9 2003
333 10 2003
333 11 2003
333 12 2003
333 13 2003
333 14 2002
334 1 2003
334 2 2003
334 3 2001
334 5 2003
334 6 2001
334 7 2001
334 8 2003
334 9 2003
334 10 2003
334 11 2003
334 12 2003
334 13 2003
334 14 2003
335 1 2003
335 2 2003
335 3 2001
335 5 2003
335 6 2001
335 7 2001
335 8 2003
335 9 2003
335 10 2003
335 11 2003
335 12 2003
335 13 2003
335 14 2003
336 1 2003
336 2 2003
336 3 2001
336 5 2003
336 6 2001
336 7 2001
336 8 2003
336 9 2003
336 10 2003
336 11 2003
336 12 2003
336 13 2003
336 14 2003
337 1 2003
337 2 2003
337 3 2001
337 5 2003
337 6 2001
337 7 2001
337 8 2003
337 9 2003
337 10 2003
337 11 2003
337 12 2003
337 13 2003
337 14 2003
338 1 2003
338 2 2003
338 3 2001
338 5 2003
338 6 2001
338 8 2003
338 9 2003
338 10 2003
338 11 2003
338 12 2003
338 13 2003
338 14 2003
339 1 2003
339 2 2003
339 3 2001
339 5 2003
339 6 2001
339 8 2003
339 9 2003
339 10 2003
339 11 2003
339 12 2003
339 13 2003
339 14 2003
340 1 2003
340 2 2003
340 3 2001
340 5 2003
340 6 2001
340 8 2003
340 9 2003
340 10 2003
340 11 2003
340 12 2003
340 13 2003
340 14 2003
341 1 2003
341 2 2001
341 3 2001
341 5 2003
341 6 2001
341 8 2003
341 9 2003
341 10 2003
341 11 2003
341 12 2003
341 13 2003
341 14 2003
342 1 2003
342 2 2001
342 3 2001
342 5 2003
342 6 2001
342 8 2003
342 9 2003
342 10 2003
342 11 2003
342 12 2003
342 13 2003
342 14 2003
343 1 2003
343 2 2001
343 3 2001
343 5 2003
343 6 2001
343 8 2003
343 9 2003
343 10 2003
343 11 2003
343 12 2003
343 13 2003
343 14 2003
344 1 2003
344 2 2001
344 3 2001
344 5 2003
344 6 2001
344 8 2003
344 9 2003
344 10 2003
344 11 2003
344 12 2003
344 13 2003
344 14 2003
345 1 2003
345 2 2001
345 3 2001
345 5 2003
345 6 2001
345 8 2003
345 9 2003
345 10 2003
345 11 2003
345 12 2003
345 13 2003
345 14 2003
346 1 2003
346 2 2001
346 3 2001
346 5 2003
346 6 2001
346 8 2003
346 9 2003
346 10 2003
346 11 2003
346 12 2003
346 13 2003
346 14 2003
347 1 2003
347 2 2001
347 3 2001
347 5 2003
347 6 2001
347 8 2003
347 9 2003
347 10 2003
347 11 2003
347 12 2003
347 13 2003
347 14 2003
348 1 2003
348 2 2001
348 3 2001
348 5 2003
348 6 2001
348 8 2003
348 9 2003
348 10 2003
348 11 2003
348 12 2003
348 13 2003
348 14 2003
349 1 2003
349 2 2001
349 3 2001
349 5 2003
349 6 2001
349 8 2003
349 9 2003
349 10 2003
349 11 2003
349 12 2003
349 13 2003
349 14 2003
350 1 2003
350 2 2001
350 3 2001
350 5 2003
350 6 2001
350 8 2003
350 9 2003
350 10 2003
350 11 2003
350 12 2003
350 13 2003
350 14 2003
351 1 2003
351 2 2001
351 3 2001
351 5 2003
351 6 2001
351 8 2003
351 9 2003
351 10 2003
351 11 2003
351 12 2003
351 13 2003
351 14 2003
352 1 2003
352 2 2001
352 3 2001
352 5 2003
352 6 2001
352 8 2003
352 9 2003
352 10 2003
352 11 2003
352 12 2003
352 13 2003
352 14 2003
353 1 2003
353 2 2001
353 3 2001
353 5 2003
353 6 2001
353 8 2003
353 9 2003
353 10 2003
353 11 2003
353 12 2003
353 13 2003
353 14 2003
354 1 2003
354 2 2001
354 3 2001
354 5 2003
354 6 2001
354 8 2003
354 9 2003
354 10 2003
354 11 2003
354 12 2003
354 13 2003
354 14 2003
355 1 2003
355 2 2001
355 3 2001
355 5 2003
355 6 2001
355 8 2003
355 9 2003
355 10 2003
355 11 2003
355 12 2003
355 13 2003
355 14 2003
356 1 2003
356 2 2001
356 3 2001
356 5 2003
356 6 2001
356 8 2003
356 9 2003
356 10 2003
356 11 2003
356 12 2003
356 13 2003
356 14 2003
357 1 2003
357 2 2001
357 3 2001
357 5 2003
357 6 2001
357 8 2003
357 9 2003
357 10 2003
357 11 2003
357 12 2003
357 13 2003
357 14 2003
358 1 2003
358 2 2001
358 3 2001
358 5 2003
358 6 2001
358 8 2003
358 9 2003
358 10 2003
358 11 2003
358 12 2003
358 13 2003
358 14 2003
359 1 2003
359 2 2001
359 3 2001
359 5 2003
359 6 2001
359 8 2003
359 9 2003
359 10 2003
359 11 2003
359 12 2003
359 13 2003
359 14 2003
360 1 2003
360 2 2001
360 3 2001
360 5 2003
360 6 2001
360 8 2003
360 9 2003
360 10 2003
360 11 2003
360 12 2003
360 13 2003
360 14 2003
360 15 2003
361 1 2003
361 2 2001
361 3 2001
361 5 2003
361 6 2001
361 8 2003
361 9 2003
361 10 2003
361 11 2003
361 12 2003
361 13 2003
361 14 2003
361 15 2003
362 1 2003
362 2 2001
362 3 2001
362 5 2003
362 6 2001
362 8 2003
362 9 2003
362 10 2003
362 11 2003
362 12 2003
362 13 2003
362 14 2003
362 15 2003
363 1 2003
363 2 2001
363 3 2001
363 5 2003
363 6 2001
363 8 2003
363 9 2003
363 10 2003
363 11 2003
363 12 2003
363 13 2003
363 14 2003
363 15 2003
364 1 2003
364 2 2001
364 3 2001
364 5 2003
364 6 2001
364 8 2003
364 9 2003
364 10 2003
364 11 2003
364 12 2003
364 13 2003
364 14 2003
364 15 2003
365 1 2003
365 2 2001
365 3 2001
365 5 2003
365 6 2001
365 8 2003
365 9 2003
365 10 2003
365 11 2003
365 12 2003
365 13 2003
365 14 2003
365 15 2003
366 1 2003
366 2 2001
366 3 2001
366 5 2003
366 6 2001
366 8 2003
366 9 2003
366 10 2003
366 11 2003
366 12 2003
366 13 2003
366 14 2003
366 15 2003
367 1 2003
367 2 2001
367 3 2001
367 5 2003
367 6 2001
367 8 2003
367 9 2003
367 10 2003
367 11 2003
367 12 2003
367 13 2003
367 14 2003
367 15 2003
368 1 2003
368 2 2001
368 3 2001
368 5 2003
368 6 2001
368 8 2003
368 9 2003
368 10 2003
368 11 2003
368 12 2003
368 13 2003
368 14 2003
368 15 2003
369 1 2003
369 2 2001
369 3 2001
369 5 2003
369 6 2001
369 8 2003
369 9 2003
369 10 2003
369 11 2003
369 12 2003
369 13 2003
369 14 2003
369 15 2003
369 16 2003
370 1 2003
370 2 2001
370 3 2001
370 5 2003
370 6 2001
370 8 2003
370 9 2003
370 10 2003
370 11 2003
370 12 2003
370 13 2003
370 14 2003
370 15 2003
370 16 2003
371 1 2003
371 2 2001
371 3 2001
371 5 2003
371 6 2001
371 8 2003
371 9 2003
371 10 2001
371 11 2003
371 12 2003
371 13 2003
371 14 2003
371 15 2003
371 16 2003
372 1 2003
372 2 2001
372 3 2001
372 5 2003
372 6 2001
372 8 2003
372 9 2003
372 10 2001
372 11 2003
372 12 2003
372 13 2003
372 14 2003
372 15 2003
372 16 2003
373 1 2003
373 2 2001
373 3 2001
373 5 2003
373 6 2001
373 8 2003
373 9 2003
373 10 2001
373 11 2003
373 12 2003
373 13 2003
373 14 2003
373 15 2003
373 16 2003
374 1 2003
374 2 2001
374 3 2001
374 5 2003
374 6 2001
374 8 2003
374 9 2003
374 10 2001
374 11 2003
374 12 2003
374 13 2003
374 14 2003
374 15 2003
374 16 2003
375 1 2003
375 2 2001
375 3 2001
375 5 2003
375 6 2001
375 8 2003
375 9 2003
375 10 2001
375 11 2003
375 12 2003
375 13 2003
375 14 2003
375 15 2003
375 16 2003
376 1 2003
376 2 2001
376 3 2001
376 5 2003
376 6 2001
376 8 2003
376 9 2003
376 10 2001
376 11 2003
376 12 2003
376 13 2003
376 14 2003
376 15 2003
376 16 2003
377 1 2003
377 2 2001
377 3 2001
377 5 2003
377 6 2001
377 8 2003
377 9 2003
377 10 2001
377 11 2003
377 12 2003
377 13 2003
377 14 2003
377 15 2003
377 16 2003
378 1 2003
378 2 2001
378 3 2001
378 5 2003
378 6 2001
378 8 2003
378 9 2003
378 10 2001
378 11 2003
378 12 2003
378 13 2003
378 14 2003
378 15 2003
378 16 2003
379 1 2003
379 2 2001
379 3 2001
379 5 2003
379 6 2001
379 8 2003
379 9 2003
379 10 2001
379 11 2003
379 12 2003
379 13 2003
379 14 2003
379 15 2003
379 16 2003
380 1 2003
380 2 2001
380 3 2001
380 5 2003
380 6 2001
380 8 2003
380 9 2003
380 10 2001
380 11 2003
380 12 2003
380 13 2003
380 14 2003
380 15 2003
380 16 2003
381 1 2003
381 2 2001
381 3 2001
381 5 2003
381 6 2001
381 8 2003
381 9 2003
381 10 2001
381 11 2003
381 12 2003
381 13 2003
381 14 2003
381 15 2003
381 16 2003
382 1 2003
382 2 2001
382 3 2001
382 5 2003
382 6 2001
382 8 2003
382 9 2003
382 10 2001
382 11 2003
382 12 2003
382 13 2003
382 14 2003
382 15 2003
382 16 2003
383 1 2003
383 2 2001
383 3 2001
383 5 2003
383 6 2001
383 8 2003
383 9 2003
383 10 2001
383 11 2003
383 12 2003
383 13 2003
383 14 2003
383 15 2003
383 16 2003
384 1 2003
384 2 2001
384 3 2001
384 5 2003
384 6 2001
384 8 2003
384 9 2003
384 10 2001
384 11 2003
384 12 2003
384 13 2003
384 14 2003
384 15 2003
384 16 2003
385 1 2003
385 2 2001
385 3 2001
385 5 2003
385 6 2001
385 8 2003
385 9 2003
385 10 2001
385 11 2003
385 12 2003
385 13 2003
385 14 2003
385 15 2003
385 16 2003
386 1 2003
386 2 2001
386 3 2001
386 5 2003
386 6 2001
386 8 2003
386 9 2003
386 10 2001
386 11 2003
386 12 2003
386 13 2003
386 14 2003
386 15 2003
386 16 2003
387 1 2003
387 2 2001
387 3 2001
387 5 2003
387 6 2001
387 8 2003
387 9 2003
387 10 2001
387 11 2003
387 12 2003
387 13 2003
387 14 2003
387 15 2003
387 16 2003
387 17 2002
388 1 2003
388 2 2001
388 3 2001
388 5 2003
388 6 2001
388 8 2003
388 9 2003
388 10 2001
388 11 2003
388 12 2003
388 13 2003
388 14 2003
388 15 2003
388 16 2003
388 17 2002
389 1 2003
389 2 2001
389 3 2001
389 5 2003
389 6 2001
389 8 2003
389 9 2003
389 10 2001
389 11 2003
389 12 2003
389 13 2003
389 14 2003
389 15 2003
389 16 2003
389 17 2003
390 1 2003
390 2 2001
390 3 2001
390 5 2003
390 6 2001
390 8 2003
390 9 2003
390 10 2001
390 11 2003
390 12 2003
390 13 2003
390 14 2003
390 15 2003
390 16 2003
390 17 2003
391 1 2003
391 2 2001
391 3 2001
391 5 2003
391 6 2001
391 8 2003
391 9 2003
391 10 2001
391 11 2003
391 12 2003
391 13 2003
391 14 2003
391 15 2003
391 16 2003
391 17 2003
392 1 2003
392 2 2001
392 3 2001
392 5 2003
392 6 2001
392 8 2003
392 9 2003
392 10 2001
392 11 2003
392 12 2003
392 13 2003
392 14 2003
392 15 2003
392 16 2003
392 17 2003
393 1 2003
393 2 2001
393 3 2001
393 5 2003
393 6 2001
393 8 2003
393 9 2003
393 10 2001
393 11 2003
393 12 2003
393 13 2003
393 14 2003
393 15 2003
393 16 2003
393 17 2003
394 1 2003
394 2 2001
394 3 2001
394 5 2003
394 6 2001
394 8 2003
394 9 2003
394 10 2001
394 11 2003
394 12 2003
394 13 2003
394 14 2003
394 15 2003
394 16 2003
394 17 2003
395 1 2003
395 2 2001
395 3 2001
395 5 2003
395 6 2001
395 8 2003
395 9 2003
395 10 2001
395 11 2003
395 12 2003
395 13 2003
395 14 2003
395 15 2003
395 16 2003
395 17 2003
396 1 2003
396 2 2001
396 3 2001
396 5 2003
396 6 2001
396 8 2003
396 9 2003
396 10 2001
396 11 2003
396 12 2003
396 13 2003
396 14 2003
396 15 2003
396 16 2003
396 17 2003
397 1 2003
397 2 2001
397 3 2001
397 5 2003
397 6 2001
397 8 2003
397 9 2003
397 10 2001
397 11 2003
397 12 2003
397 13 2003
397 14 2003
397 15 2003
397 16 2003
397 17 2003
398 1 2003
398 2 2001
398 3 2001
398 5 2003
398 6 2001
398 8 2003
398 9 2003
398 10 2001
398 11 2003
398 12 2003
398 13 2003
398 14 2003
398 15 2003
398 16 2003
398 17 2003
399 1 2003
399 2 2001
399 3 2001
399 5 2003
399 6 2001
399 8 2003
399 9 2003
399 10 2001
399 11 2003
399 12 2003
399 13 2003
399 14 2003
399 15 2003
399 16 2003
399 17 2003
400 1 2003
400 2 2001
400 3 2001
400 5 2003
400 6 2001
400 8 2003
400 9 2003
400 10 2001
400 11 2003
400 12 2003
400 13 2003
400 14 2003
400 15 2003
400 16 2003
400 17 2003
401 1 2003
401 2 2001
401 3 2001
401 5 2003
401 6 2001
401 8 2003
401 9 2003
401 10 2001
401 11 2003
401 12 2003
401 13 2003
401 14 2003
401 15 2003
401 16 2003
401 17 2003
402 1 2003
402 2 2001
402 3 2001
402 5 2003
402 6 2001
402 8 2003
402 9 2003
402 10 2001
402 11 2003
402 12 2003
402 13 2003
402 14 2003
402 15 2003
402 16 2003
402 17 2003
403 1 2003
403 2 2001
403 3 2001
403 5 2003
403 6 2001
403 8 2003
403 9 2003
403 10 2001
403 11 2003
403 12 2003
403 13 2003
403 14 2003
403 15 2003
403 16 2003
403 17 2003
404 1 2003
404 2 2001
404 3 2001
404 5 2003
404 6 2001
404 8 2003
404 9 2003
404 10 2001
404 11 2003
404 12 2003
404 13 2003
404 14 2003
404 15 2003
404 16 2003
404 17 2003
405 1 2003
405 2 2001
405 3 2001
405 5 2003
405 6 2001
405 8 2003
405 9 2003
405 10 2001
405 11 2003
405 12 2003
405 13 2003
405 14 2003
405 15 2003
405 16 2003
405 17 2003
406 1 2003
406 2 2001
406 3 2001
406 5 2003
406 6 2001
406 8 2003
406 9 2003
406 10 2001
406 11 2003
406 12 2003
406 13 2003
406 14 2003
406 15 2003
406 16 2003
406 17 2003
407 1 2003
407 2 2001
407 3 2001
407 5 2003
407 6 2001
407 8 2003
407 9 2003
407 10 2001
407 11 2003
407 12 2003
407 13 2003
407 14 2003
407 15 2003
407 16 2003
407 17 2003
408 1 2003
408 2 2001
408 3 2001
408 5 2003
408 6 2001
408 8 2003
408 9 2003
408 10 2001
408 11 2003
408 12 2003
408 13 2003
408 14 2003
408 15 2003
408 16 2003
408 17 2003
409 1 2003
409 2 2001
409 3 2001
409 5 2003
409 6 2001
409 8 2003
409 9 2003
409 10 2001
409 11 2003
409 12 2003
409 13 2003
409 14 2003
409 15 2003
409 16 2003
409 17 2003
410 1 2003
410 2 2001
410 5 2003
410 6 2001
410 8 2003
410 9 2003
410 10 2001
410 11 2003
410 12 2003
410 13 2003
410 14 2003
410 15 2003
410 16 2003
410 17 2003
411 1 2003
411 2 2001
411 5 2003
411 6 2001
411 8 2003
411 9 2003
411 10 2001
411 11 2003
411 12 2003
411 13 2003
411 14 2003
411 15 2003
411 16 2003
411 17 2003
412 1 2003
412 2 2001
412 5 2003
412 6 2001
412 8 2003
412 9 2003
412 10 2001
412 11 2003
412 12 2003
412 13 2003
412 14 2003
412 15 2003
412 16 2003
412 17 2003
413 1 2003
413 2 2001
413 5 2003
413 6 2001
413 8 2003
413 9 2003
413 10 2001
413 11 2003
413 12 2003
413 13 2003
413 14 2003
413 15 2003
413 16 2003
413 17 2003
414 1 2003
414 2 2001
414 5 2003
414 6 2001
414 8 2003
414 9 2003
414 10 2001
414 11 2003
414 12 2003
414 13 2003
414 14 2003
414 15 2003
414 16 2003
414 17 2003
415 1 2003
415 2 2001
415 5 2003
415 6 2001
415 8 2003
415 9 2003
415 10 2001
415 11 2003
415 12 2003
415 13 2003
415 14 2003
415 15 2003
415 16 2003
415 17 2003
415 18 2002
416 1 2003
416 2 2001
416 5 2003
416 6 2001
416 8 2003
416 9 2003
416 10 2001
416 11 2003
416 12 2003
416 13 2003
416 14 2003
416 15 2003
416 16 2003
416 17 2003
416 18 2002
417 1 2003
417 2 2001
417 5 2003
417 6 2001
417 8 2003
417 9 2003
417 10 2001
417 11 2003
417 12 2003
417 13 2003
417 14 2003
417 15 2003
417 16 2003
417 17 2003
417 18 2003
418 1 2003
418 2 2001
418 5 2003
418 6 2001
418 8 2003
418 9 2003
418 10 2001
418 11 2003
418 12 2003
418 13 2003
418 14 2003
418 15 2003
418 16 2003
418 17 2003
418 18 2003
419 1 2003
419 2 2001
419 5 2003
419 6 2001
419 8 2003
419 9 2003
419 10 2001
419 11 2003
419 12 2003
419 13 2003
419 14 2003
419 15 2003
419 16 2003
419 17 2003
419 18 2003
420 1 2003
420 2 2001
420 5 2003
420 6 2001
420 8 2003
420 9 2003
420 10 2001
420 11 2003
420 12 2003
420 13 2003
420 14 2003
420 15 2003
420 16 2003
420 17 2003
420 18 2003
421 1 2003
421 5 2003
421 6 2001
421 8 2003
421 9 2003
421 10 2001
421 11 2003
421 12 2003
421 13 2003
421 14 2003
421 15 2003
421 16 2003
421 17 2003
421 18 2003
422 1 2003
422 5 2003
422 6 2001
422 8 2003
422 9 2003
422 10 2001
422 11 2003
422 12 2003
422 13 2003
422 14 2003
422 15 2003
422 16 2003
422 17 2003
422 18 2003
423 1 2003
423 5 2003
423 8 2003
423 9 2003
423 10 2001
423 11 2003
423 12 2003
423 13 2003
423 14 2003
423 15 2003
423 16 2003
423 17 2003
423 18 2003
